"Name","Runtime","algo","env","task_env","observation_space","observation_space_mode","global_step","rollout/ep_rew_mean"
"CARTESIAN_PD_test_with_psi_limited_123122210204","13018","PPO","<stable_baselines3.common.vec_env.vec_normalize.VecNormalize object at 0x00000178FCF63880>","FWD_LOCOMOTION","Box([-0.21 0.375 -1.98 -0.21 0.375 -1.98 -0.21 0.375 -1.98 -0.21 0.375 -1.98 -21 -21 -21 -21 -21 -21 -21 -21 -21 -21 -21 -21 -1.01 -1.01 -1.01 -1.01 -30 -30 -2.01 -1.01 -1.01 -1.01 -1.01 -5.01 -5.01 -5.01], [0.21 1.2 -1.16 0.21 1.2 -1.16 0.21 1.2 -1.16 0.21 1.2 -1.16 21 21 21 21 21 21 21 21 21 21 21 21 1.01 1.01 1.01 1.01 30 30 2.01 1.11 1.11 1.11 1.11 5.01 5.01 5.01], (38,), float32)","LR_COURSE_OBS","1002050","35.29347610473633"
"CARTESIAN_PD_test_with_psi_limited_123122210132","14753","SAC","<stable_baselines3.common.vec_env.vec_normalize.VecNormalize object at 0x00000259C47FDFD0>","FWD_LOCOMOTION","Box([-0.21 0.375 -1.98 -0.21 0.375 -1.98 -0.21 0.375 -1.98 -0.21 0.375 -1.98 -21 -21 -21 -21 -21 -21 -21 -21 -21 -21 -21 -21 -1.01 -1.01 -1.01 -1.01 -30 -30 -2.01 -1.01 -1.01 -1.01 -1.01 -5.01 -5.01 -5.01], [0.21 1.2 -1.16 0.21 1.2 -1.16 0.21 1.2 -1.16 0.21 1.2 -1.16 21 21 21 21 21 21 21 21 21 21 21 21 1.01 1.01 1.01 1.01 30 30 2.01 1.11 1.11 1.11 1.11 5.01 5.01 5.01], (38,), float32)","LR_COURSE_OBS","999200","1.7165168523788452"
"CPG_SAC_122822133729","12936","SAC","<stable_baselines3.common.vec_env.vec_normalize.VecNormalize object at 0x000002298E26D700>","FWD_LOCOMOTION","Box([-0.21 0.375 -1.98 -0.21 0.375 -1.98 -0.21 0.375 -1.98 -0.21 0.375 -1.98 -21 -21 -21 -21 -21 -21 -21 -21 -21 -21 -21 -21 -1.01 -1.01 -1.01 -1.01 -30 -30 -2.01 -1.01 -1.01 -1.01 -1.01 -5.01 -5.01 -5.01 -1.01 -1.01 -1.01 -1.01 -1.01 -1.01 -1.01 -1.01 -1.01 -1.01 -1.01 -1.01 -1.01 -1.01 -1.01 -1.01 -1.01 -1.01 -1.01 -1.01 -9.53 -9.53 -9.53 -9.53], [0.21 1.2 -1.16 0.21 1.2 -1.16 0.21 1.2 -1.16 0.21 1.2 -1.16 21 21 21 21 21 21 21 21 21 21 21 21 1.01 1.01 1.01 1.01 30 30 2.01 1.11 1.11 1.11 1.11 5.01 5.01 5.01 3.01 3.01 3.01 3.01 155 155 155 155 6.39 6.39 6.39 6.39 28.4 28.4 28.4 28.4 6.39 6.39 6.39 6.39 9.53 9.53 9.53 9.53], (62,), float32)","CPG_RL","999890","0.03770621865987778"
"CARTESIAN_PD_SAC_122822132846","9424","SAC","<stable_baselines3.common.vec_env.vec_normalize.VecNormalize object at 0x000002CA984B94F0>","FWD_LOCOMOTION","Box([-19 -19 -19 -0.11 -0.11 -0.11 -0.21 0.375 -1.98 -0.21 0.375 -1.98 -0.21 0.375 -1.98 -0.21 0.375 -1.98 -21 -21 -21 -21 -21 -21 -21 -21 -21 -21 -21 -21 -33.5 -33.5 -33.5 -33.5 -33.5 -33.5 -33.5 -33.5 -33.5 -33.5 -33.5 -33.5 -1.01 -1.01 -1.01 -1.01 -1.01 -1.01 -1.01 -1.01 -1.01 -1.01 -1.01 -1.01 -1.01 -1.01 -1.01 -1.01 -5.01 -5.01 -5.01 -5.01 -5.01 -5.01 -5.01 -5.01 -5.01 -5.01 -5.01 -5.01 -1.01 -1.01 -1.01 -1.01 -1.01 -1.01 -1.01 -1.01], [19 19 19 0.11 0.11 0.11 0.21 1.2 -1.16 0.21 1.2 -1.16 0.21 1.2 -1.16 0.21 1.2 -1.16 21 21 21 21 21 21 21 21 21 21 21 21 33.5 33.5 33.5 33.5 33.5 33.5 33.5 33.5 33.5 33.5 33.5 33.5 1.01 1.01 1.01 1.01 1.01 1.01 1.01 1.01 1.01 1.01 1.01 1.01 1.01 1.01 1.01 1.01 5.01 5.01 5.01 5.01 5.01 5.01 5.01 5.01 5.01 5.01 5.01 5.01 1.01 1.01 1.01 1.01 400 400 400 400], (78,), float32)","LR_COURSE_OBS","999960","0.008434769697487354"
"PD_SAC_122822132834","5952","SAC","<stable_baselines3.common.vec_env.vec_normalize.VecNormalize object at 0x00000279E0BF94F0>","FWD_LOCOMOTION","Box([-19 -19 -19 -0.11 -0.11 -0.11 -0.21 0.375 -1.98 -0.21 0.375 -1.98 -0.21 0.375 -1.98 -0.21 0.375 -1.98 -21 -21 -21 -21 -21 -21 -21 -21 -21 -21 -21 -21 -33.5 -33.5 -33.5 -33.5 -33.5 -33.5 -33.5 -33.5 -33.5 -33.5 -33.5 -33.5 -1.01 -1.01 -1.01 -1.01 -1.01 -1.01 -1.01 -1.01 -1.01 -1.01 -1.01 -1.01 -1.01 -1.01 -1.01 -1.01 -5.01 -5.01 -5.01 -5.01 -5.01 -5.01 -5.01 -5.01 -5.01 -5.01 -5.01 -5.01 -1.01 -1.01 -1.01 -1.01 -1.01 -1.01 -1.01 -1.01], [19 19 19 0.11 0.11 0.11 0.21 1.2 -1.16 0.21 1.2 -1.16 0.21 1.2 -1.16 0.21 1.2 -1.16 21 21 21 21 21 21 21 21 21 21 21 21 33.5 33.5 33.5 33.5 33.5 33.5 33.5 33.5 33.5 33.5 33.5 33.5 1.01 1.01 1.01 1.01 1.01 1.01 1.01 1.01 1.01 1.01 1.01 1.01 1.01 1.01 1.01 1.01 5.01 5.01 5.01 5.01 5.01 5.01 5.01 5.01 5.01 5.01 5.01 5.01 1.01 1.01 1.01 1.01 400 400 400 400], (78,), float32)","LR_COURSE_OBS","999800","0.0008830300066620111"
"PD_SAC_CPG_122822132803","13","","","FWD_LOCOMOTION","","LR_COURSE_OBS","",""
"CPG_SAC_CPG_122822002521","13548","SAC","<stable_baselines3.common.vec_env.vec_normalize.VecNormalize object at 0x0000026416FF94F0>","FWD_LOCOMOTION","Box([-0.21 0.375 -1.98 -0.21 0.375 -1.98 -0.21 0.375 -1.98 -0.21 0.375 -1.98 -21 -21 -21 -21 -21 -21 -21 -21 -21 -21 -21 -21 -1.01 -1.01 -1.01 -1.01], [0.21 1.2 -1.16 0.21 1.2 -1.16 0.21 1.2 -1.16 0.21 1.2 -1.16 21 21 21 21 21 21 21 21 21 21 21 21 1.01 1.01 1.01 1.01], (28,), float32)","DEFAULT","999750","0.005219050217419863"
"PD_SAC_joint_122822002437","5637","SAC","<stable_baselines3.common.vec_env.vec_normalize.VecNormalize object at 0x00000250455894F0>","FWD_LOCOMOTION","Box([-0.21 0.375 -1.98 -0.21 0.375 -1.98 -0.21 0.375 -1.98 -0.21 0.375 -1.98 -21 -21 -21 -21 -21 -21 -21 -21 -21 -21 -21 -21 -1.01 -1.01 -1.01 -1.01], [0.21 1.2 -1.16 0.21 1.2 -1.16 0.21 1.2 -1.16 0.21 1.2 -1.16 21 21 21 21 21 21 21 21 21 21 21 21 1.01 1.01 1.01 1.01], (28,), float32)","DEFAULT","999500","0.08734084665775299"
"CARTESIAN_PDSAC_cartesian122822002334","9006","SAC","<stable_baselines3.common.vec_env.vec_normalize.VecNormalize object at 0x000001DEE43694F0>","FWD_LOCOMOTION","Box([-0.21 0.375 -1.98 -0.21 0.375 -1.98 -0.21 0.375 -1.98 -0.21 0.375 -1.98 -21 -21 -21 -21 -21 -21 -21 -21 -21 -21 -21 -21 -1.01 -1.01 -1.01 -1.01], [0.21 1.2 -1.16 0.21 1.2 -1.16 0.21 1.2 -1.16 0.21 1.2 -1.16 21 21 21 21 21 21 21 21 21 21 21 21 1.01 1.01 1.01 1.01], (28,), float32)","DEFAULT","999610","0.06643310934305191"
"CPG_test_with_psi_limited_122122232452","14810","SAC","<stable_baselines3.common.vec_env.vec_normalize.VecNormalize object at 0x00000186E8F938B0>","TEST","Box([-0.21 0.375 -1.98 -0.21 0.375 -1.98 -0.21 0.375 -1.98 -0.21 0.375 -1.98 -21 -21 -21 -21 -21 -21 -21 -21 -21 -21 -21 -21 -1.01 -1.01 -1.01 -1.01 -30 -30 -2.01 -1.01 -1.01 -1.01 -1.01 -5.01 -5.01 -5.01 -1.01 -1.01 -1.01 -1.01 -1.01 -1.01 -1.01 -1.01 -1.01 -1.01 -1.01 -1.01 -1.01 -1.01 -1.01 -1.01 -1.01 -1.01 -1.01 -1.01 -9.53 -9.53 -9.53 -9.53], [0.21 1.2 -1.16 0.21 1.2 -1.16 0.21 1.2 -1.16 0.21 1.2 -1.16 21 21 21 21 21 21 21 21 21 21 21 21 1.01 1.01 1.01 1.01 30 30 2.01 1.11 1.11 1.11 1.11 5.01 5.01 5.01 3.01 3.01 3.01 3.01 155 155 155 155 6.39 6.39 6.39 6.39 28.4 28.4 28.4 28.4 6.39 6.39 6.39 6.39 9.53 9.53 9.53 9.53], (62,), float32)","CPG_RL","999850","17.419536590576172"
"CPG_test_with_psi_limited_122122142414","15089","SAC","<stable_baselines3.common.vec_env.vec_normalize.VecNormalize object at 0x000001FF0E8238B0>","TEST","Box([-0.21 0.375 -1.98 -0.21 0.375 -1.98 -0.21 0.375 -1.98 -0.21 0.375 -1.98 -21 -21 -21 -21 -21 -21 -21 -21 -21 -21 -21 -21 -1.01 -1.01 -1.01 -1.01 -30 -30 -2.01 -1.01 -1.01 -1.01 -1.01 -5.01 -5.01 -5.01 -1.01 -1.01 -1.01 -1.01 -1.01 -1.01 -1.01 -1.01 -1.01 -1.01 -1.01 -1.01 -1.01 -1.01 -1.01 -1.01 -1.01 -1.01 -1.01 -1.01 -9.53 -9.53 -9.53 -9.53], [0.21 1.2 -1.16 0.21 1.2 -1.16 0.21 1.2 -1.16 0.21 1.2 -1.16 21 21 21 21 21 21 21 21 21 21 21 21 1.01 1.01 1.01 1.01 30 30 2.01 1.11 1.11 1.11 1.11 5.01 5.01 5.01 3.01 3.01 3.01 3.01 155 155 155 155 6.39 6.39 6.39 6.39 28.4 28.4 28.4 28.4 6.39 6.39 6.39 6.39 9.53 9.53 9.53 9.53], (62,), float32)","CPG_RL","999110","17.406110763549805"
"CPG_test_with_psi_limited_122022205602","15741","SAC","<stable_baselines3.common.vec_env.vec_normalize.VecNormalize object at 0x000002061E195A60>","TEST","Box([-0.21 0.375 -1.98 -0.21 0.375 -1.98 -0.21 0.375 -1.98 -0.21 0.375 -1.98 -21 -21 -21 -21 -21 -21 -21 -21 -21 -21 -21 -21 -1.01 -1.01 -1.01 -1.01 -30 -30 -2.01 -1.01 -1.01 -1.01 -1.01 -5.01 -5.01 -5.01 -1.01 -1.01 -1.01 -1.01 -1.01 -1.01 -1.01 -1.01 -1.01 -1.01 -1.01 -1.01 -1.01 -1.01 -1.01 -1.01 -1.01 -1.01 -1.01 -1.01 -9.53 -9.53 -9.53 -9.53], [0.21 1.2 -1.16 0.21 1.2 -1.16 0.21 1.2 -1.16 0.21 1.2 -1.16 21 21 21 21 21 21 21 21 21 21 21 21 1.01 1.01 1.01 1.01 30 30 2.01 1.11 1.11 1.11 1.11 5.01 5.01 5.01 3.01 3.01 3.01 3.01 155 155 155 155 6.39 6.39 6.39 6.39 28.4 28.4 28.4 28.4 6.39 6.39 6.39 6.39 9.53 9.53 9.53 9.53], (62,), float32)","CPG_RL","997730","15.043940544128418"
"CPG_test_with_psi_limited_122022205313","139","SAC","<stable_baselines3.common.vec_env.vec_normalize.VecNormalize object at 0x000001CEA5904A60>","TEST","Box([-0.21 0.375 -1.98 -0.21 0.375 -1.98 -0.21 0.375 -1.98 -0.21 0.375 -1.98 -21 -21 -21 -21 -21 -21 -21 -21 -21 -21 -21 -21 -1.01 -1.01 -1.01 -1.01 -30 -30 -2.01 -1.01 -1.01 -1.01 -1.01 -5.01 -5.01 -5.01 -1.01 -1.01 -1.01 -1.01 -1.01 -1.01 -1.01 -1.01 -1.01 -1.01 -1.01 -1.01 -1.01 -1.01 -1.01 -1.01 -1.01 -1.01 -1.01 -1.01 -9.53 -9.53 -9.53 -9.53], [0.21 1.2 -1.16 0.21 1.2 -1.16 0.21 1.2 -1.16 0.21 1.2 -1.16 21 21 21 21 21 21 21 21 21 21 21 21 1.01 1.01 1.01 1.01 30 30 2.01 1.11 1.11 1.11 1.11 5.01 5.01 5.01 3.01 3.01 3.01 3.01 155 155 155 155 6.39 6.39 6.39 6.39 28.4 28.4 28.4 28.4 6.39 6.39 6.39 6.39 9.53 9.53 9.53 9.53], (62,), float32)","CPG_RL","5160","1.152902603149414"
"CARTESIAN_PD_PPO_cartesian_TF_rwd_old_scaling_slow_test_env121922235419","9568","PPO","<stable_baselines3.common.vec_env.vec_normalize.VecNormalize object at 0x000001D1304F3760>","CARTESIAN_RWD","Box([-19 -19 -19 -0.11 -0.11 -0.11 -0.21 0.375 -1.98 -0.21 0.375 -1.98 -0.21 0.375 -1.98 -0.21 0.375 -1.98 -21 -21 -21 -21 -21 -21 -21 -21 -21 -21 -21 -21 -33.5 -33.5 -33.5 -33.5 -33.5 -33.5 -33.5 -33.5 -33.5 -33.5 -33.5 -33.5 -1.01 -1.01 -1.01 -1.01 -1.01 -1.01 -1.01 -1.01 -1.01 -1.01 -1.01 -1.01 -1.01 -1.01 -1.01 -1.01 -5.01 -5.01 -5.01 -5.01 -5.01 -5.01 -5.01 -5.01 -5.01 -5.01 -5.01 -5.01 -1.01 -1.01 -1.01 -1.01 -1.01 -1.01 -1.01 -1.01], [19 19 19 0.11 0.11 0.11 0.21 1.2 -1.16 0.21 1.2 -1.16 0.21 1.2 -1.16 0.21 1.2 -1.16 21 21 21 21 21 21 21 21 21 21 21 21 33.5 33.5 33.5 33.5 33.5 33.5 33.5 33.5 33.5 33.5 33.5 33.5 1.01 1.01 1.01 1.01 1.01 1.01 1.01 1.01 1.01 1.01 1.01 1.01 1.01 1.01 1.01 1.01 5.01 5.01 5.01 5.01 5.01 5.01 5.01 5.01 5.01 5.01 5.01 5.01 1.01 1.01 1.01 1.01 400 400 400 400], (78,), float32)","LR_COURSE_OBS","1002050","58.963409423828125"
"CARTESIAN_PD_PPO_cartesian_rwd_old_scaling_slow_test_env121922224615","9508","PPO","<stable_baselines3.common.vec_env.vec_normalize.VecNormalize object at 0x000001A018973760>","CARTESIAN_RWD","Box([-19 -19 -19 -0.11 -0.11 -0.11 -0.21 0.375 -1.98 -0.21 0.375 -1.98 -0.21 0.375 -1.98 -0.21 0.375 -1.98 -21 -21 -21 -21 -21 -21 -21 -21 -21 -21 -21 -21 -33.5 -33.5 -33.5 -33.5 -33.5 -33.5 -33.5 -33.5 -33.5 -33.5 -33.5 -33.5 -1.01 -1.01 -1.01 -1.01 -1.01 -1.01 -1.01 -1.01 -1.01 -1.01 -1.01 -1.01 -1.01 -1.01 -1.01 -1.01 -5.01 -5.01 -5.01 -5.01 -5.01 -5.01 -5.01 -5.01 -5.01 -5.01 -5.01 -5.01 -1.01 -1.01 -1.01 -1.01 -1.01 -1.01 -1.01 -1.01], [19 19 19 0.11 0.11 0.11 0.21 1.2 -1.16 0.21 1.2 -1.16 0.21 1.2 -1.16 0.21 1.2 -1.16 21 21 21 21 21 21 21 21 21 21 21 21 33.5 33.5 33.5 33.5 33.5 33.5 33.5 33.5 33.5 33.5 33.5 33.5 1.01 1.01 1.01 1.01 1.01 1.01 1.01 1.01 1.01 1.01 1.01 1.01 1.01 1.01 1.01 1.01 5.01 5.01 5.01 5.01 5.01 5.01 5.01 5.01 5.01 5.01 5.01 5.01 1.01 1.01 1.01 1.01 400 400 400 400], (78,), float32)","LR_COURSE_OBS","1002050","66.15133666992188"
"CARTESIAN_PD_PPO_cartesian_rwd_old_scaling_slow_121922211541","7984","PPO","<stable_baselines3.common.vec_env.vec_normalize.VecNormalize object at 0x0000021EE5A3D6A0>","CARTESIAN_RWD","Box([-19 -19 -19 -0.11 -0.11 -0.11 -0.21 0.375 -1.98 -0.21 0.375 -1.98 -0.21 0.375 -1.98 -0.21 0.375 -1.98 -21 -21 -21 -21 -21 -21 -21 -21 -21 -21 -21 -21 -33.5 -33.5 -33.5 -33.5 -33.5 -33.5 -33.5 -33.5 -33.5 -33.5 -33.5 -33.5 -1.01 -1.01 -1.01 -1.01 -1.01 -1.01 -1.01 -1.01 -1.01 -1.01 -1.01 -1.01 -1.01 -1.01 -1.01 -1.01 -5.01 -5.01 -5.01 -5.01 -5.01 -5.01 -5.01 -5.01 -5.01 -5.01 -5.01 -5.01 -1.01 -1.01 -1.01 -1.01 -1.01 -1.01 -1.01 -1.01], [19 19 19 0.11 0.11 0.11 0.21 1.2 -1.16 0.21 1.2 -1.16 0.21 1.2 -1.16 0.21 1.2 -1.16 21 21 21 21 21 21 21 21 21 21 21 21 33.5 33.5 33.5 33.5 33.5 33.5 33.5 33.5 33.5 33.5 33.5 33.5 1.01 1.01 1.01 1.01 1.01 1.01 1.01 1.01 1.01 1.01 1.01 1.01 1.01 1.01 1.01 1.01 5.01 5.01 5.01 5.01 5.01 5.01 5.01 5.01 5.01 5.01 5.01 5.01 1.01 1.01 1.01 1.01 400 400 400 400], (78,), float32)","LR_COURSE_OBS","1002050","257.05657958984375"
"CARTESIAN_PD_PPO_TF_cartesian_rwd_old_scaling_test_env_121922172420","11734","PPO","<stable_baselines3.common.vec_env.vec_normalize.VecNormalize object at 0x0000018C8B993760>","CARTESIAN_RWD","Box([-19 -19 -19 -0.11 -0.11 -0.11 -0.21 0.375 -1.98 -0.21 0.375 -1.98 -0.21 0.375 -1.98 -0.21 0.375 -1.98 -21 -21 -21 -21 -21 -21 -21 -21 -21 -21 -21 -21 -33.5 -33.5 -33.5 -33.5 -33.5 -33.5 -33.5 -33.5 -33.5 -33.5 -33.5 -33.5 -1.01 -1.01 -1.01 -1.01 -1.01 -1.01 -1.01 -1.01 -1.01 -1.01 -1.01 -1.01 -1.01 -1.01 -1.01 -1.01 -5.01 -5.01 -5.01 -5.01 -5.01 -5.01 -5.01 -5.01 -5.01 -5.01 -5.01 -5.01 -1.01 -1.01 -1.01 -1.01 -1.01 -1.01 -1.01 -1.01], [19 19 19 0.11 0.11 0.11 0.21 1.2 -1.16 0.21 1.2 -1.16 0.21 1.2 -1.16 0.21 1.2 -1.16 21 21 21 21 21 21 21 21 21 21 21 21 33.5 33.5 33.5 33.5 33.5 33.5 33.5 33.5 33.5 33.5 33.5 33.5 1.01 1.01 1.01 1.01 1.01 1.01 1.01 1.01 1.01 1.01 1.01 1.01 1.01 1.01 1.01 1.01 5.01 5.01 5.01 5.01 5.01 5.01 5.01 5.01 5.01 5.01 5.01 5.01 1.01 1.01 1.01 1.01 400 400 400 400], (78,), float32)","LR_COURSE_OBS","1002050","41.10855865478515"
"CARTESIAN_PD_cartesian_rwd_old_scaling_121922150148","7930","PPO","<stable_baselines3.common.vec_env.vec_normalize.VecNormalize object at 0x000002585567D6A0>","CARTESIAN_RWD","Box([-19 -19 -19 -0.11 -0.11 -0.11 -0.21 0.375 -1.98 -0.21 0.375 -1.98 -0.21 0.375 -1.98 -0.21 0.375 -1.98 -21 -21 -21 -21 -21 -21 -21 -21 -21 -21 -21 -21 -33.5 -33.5 -33.5 -33.5 -33.5 -33.5 -33.5 -33.5 -33.5 -33.5 -33.5 -33.5 -1.01 -1.01 -1.01 -1.01 -1.01 -1.01 -1.01 -1.01 -1.01 -1.01 -1.01 -1.01 -1.01 -1.01 -1.01 -1.01 -5.01 -5.01 -5.01 -5.01 -5.01 -5.01 -5.01 -5.01 -5.01 -5.01 -5.01 -5.01 -1.01 -1.01 -1.01 -1.01 -1.01 -1.01 -1.01 -1.01], [19 19 19 0.11 0.11 0.11 0.21 1.2 -1.16 0.21 1.2 -1.16 0.21 1.2 -1.16 0.21 1.2 -1.16 21 21 21 21 21 21 21 21 21 21 21 21 33.5 33.5 33.5 33.5 33.5 33.5 33.5 33.5 33.5 33.5 33.5 33.5 1.01 1.01 1.01 1.01 1.01 1.01 1.01 1.01 1.01 1.01 1.01 1.01 1.01 1.01 1.01 1.01 5.01 5.01 5.01 5.01 5.01 5.01 5.01 5.01 5.01 5.01 5.01 5.01 1.01 1.01 1.01 1.01 400 400 400 400], (78,), float32)","LR_COURSE_OBS","1002050","134.91226196289062"
"CPG_test_best_run_follow_new_rwd_121922100642","15939","SAC","<stable_baselines3.common.vec_env.vec_normalize.VecNormalize object at 0x000001DA3B205A90>","TEST_FORWARD","Box([-0.21 0.375 -1.98 -0.21 0.375 -1.98 -0.21 0.375 -1.98 -0.21 0.375 -1.98 -21 -21 -21 -21 -21 -21 -21 -21 -21 -21 -21 -21 -1.01 -1.01 -1.01 -1.01 -30 -30 -2.01 -1.01 -1.01 -1.01 -1.01 -5.01 -5.01 -5.01 -1.01 -1.01 -1.01 -1.01 -1.01 -1.01 -1.01 -1.01 -1.01 -1.01 -1.01 -1.01 -1.01 -1.01 -1.01 -1.01 -1.01 -1.01 -1.01 -1.01 -9.53 -9.53 -9.53 -9.53], [0.21 1.2 -1.16 0.21 1.2 -1.16 0.21 1.2 -1.16 0.21 1.2 -1.16 21 21 21 21 21 21 21 21 21 21 21 21 1.01 1.01 1.01 1.01 30 30 2.01 1.11 1.11 1.11 1.11 5.01 5.01 5.01 3.01 3.01 3.01 3.01 155 155 155 155 6.39 6.39 6.39 6.39 28.4 28.4 28.4 28.4 6.39 6.39 6.39 6.39 9.53 9.53 9.53 9.53], (62,), float32)","CPG_RL","999800","2.8020288944244385"
"CPG_test_best_run_follow_new_rwd_121822234256","14738","SAC","<stable_baselines3.common.vec_env.vec_normalize.VecNormalize object at 0x000002594BC64A90>","TEST_FORWARD","Box([-0.21 0.375 -1.98 -0.21 0.375 -1.98 -0.21 0.375 -1.98 -0.21 0.375 -1.98 -21 -21 -21 -21 -21 -21 -21 -21 -21 -21 -21 -21 -1.01 -1.01 -1.01 -1.01 -30 -30 -2.01 -1.01 -1.01 -1.01 -1.01 -5.01 -5.01 -5.01 -1.01 -1.01 -1.01 -1.01 -1.01 -1.01 -1.01 -1.01 -1.01 -1.01 -1.01 -1.01 -1.01 -1.01 -1.01 -1.01 -1.01 -1.01 -1.01 -1.01 -9.53 -9.53 -9.53 -9.53], [0.21 1.2 -1.16 0.21 1.2 -1.16 0.21 1.2 -1.16 0.21 1.2 -1.16 21 21 21 21 21 21 21 21 21 21 21 21 1.01 1.01 1.01 1.01 30 30 2.01 1.11 1.11 1.11 1.11 5.01 5.01 5.01 3.01 3.01 3.01 3.01 155 155 155 155 6.39 6.39 6.39 6.39 28.4 28.4 28.4 28.4 6.39 6.39 6.39 6.39 9.53 9.53 9.53 9.53], (62,), float32)","CPG_RL","999660","12.401352882385254"
"CARTESIAN_PD_cartesian_rwd_old_scaling_121822233954","9062","SAC","<stable_baselines3.common.vec_env.vec_normalize.VecNormalize object at 0x000001B8AC8EC6D0>","LR_COURSE_TASK","Box([-19 -19 -19 -0.11 -0.11 -0.11 -0.21 0.375 -1.98 -0.21 0.375 -1.98 -0.21 0.375 -1.98 -0.21 0.375 -1.98 -21 -21 -21 -21 -21 -21 -21 -21 -21 -21 -21 -21 -33.5 -33.5 -33.5 -33.5 -33.5 -33.5 -33.5 -33.5 -33.5 -33.5 -33.5 -33.5 -1.01 -1.01 -1.01 -1.01 -1.01 -1.01 -1.01 -1.01 -1.01 -1.01 -1.01 -1.01 -1.01 -1.01 -1.01 -1.01 -5.01 -5.01 -5.01 -5.01 -5.01 -5.01 -5.01 -5.01 -5.01 -5.01 -5.01 -5.01 -1.01 -1.01 -1.01 -1.01 -1.01 -1.01 -1.01 -1.01], [19 19 19 0.11 0.11 0.11 0.21 1.2 -1.16 0.21 1.2 -1.16 0.21 1.2 -1.16 0.21 1.2 -1.16 21 21 21 21 21 21 21 21 21 21 21 21 33.5 33.5 33.5 33.5 33.5 33.5 33.5 33.5 33.5 33.5 33.5 33.5 1.01 1.01 1.01 1.01 1.01 1.01 1.01 1.01 1.01 1.01 1.01 1.01 1.01 1.01 1.01 1.01 5.01 5.01 5.01 5.01 5.01 5.01 5.01 5.01 5.01 5.01 5.01 5.01 1.01 1.01 1.01 1.01 400 400 400 400], (78,), float32)","LR_COURSE_OBS","999770","14.409750938415527"
"CARTESIAN_PD_cartesian_rwd_old_scaling_121822233837","9092","SAC","<stable_baselines3.common.vec_env.vec_normalize.VecNormalize object at 0x00000238AF07D700>","CARTESIAN_RWD","Box([-19 -19 -19 -0.11 -0.11 -0.11 -0.21 0.375 -1.98 -0.21 0.375 -1.98 -0.21 0.375 -1.98 -0.21 0.375 -1.98 -21 -21 -21 -21 -21 -21 -21 -21 -21 -21 -21 -21 -33.5 -33.5 -33.5 -33.5 -33.5 -33.5 -33.5 -33.5 -33.5 -33.5 -33.5 -33.5 -1.01 -1.01 -1.01 -1.01 -1.01 -1.01 -1.01 -1.01 -1.01 -1.01 -1.01 -1.01 -1.01 -1.01 -1.01 -1.01 -5.01 -5.01 -5.01 -5.01 -5.01 -5.01 -5.01 -5.01 -5.01 -5.01 -5.01 -5.01 -1.01 -1.01 -1.01 -1.01 -1.01 -1.01 -1.01 -1.01], [19 19 19 0.11 0.11 0.11 0.21 1.2 -1.16 0.21 1.2 -1.16 0.21 1.2 -1.16 0.21 1.2 -1.16 21 21 21 21 21 21 21 21 21 21 21 21 33.5 33.5 33.5 33.5 33.5 33.5 33.5 33.5 33.5 33.5 33.5 33.5 1.01 1.01 1.01 1.01 1.01 1.01 1.01 1.01 1.01 1.01 1.01 1.01 1.01 1.01 1.01 1.01 5.01 5.01 5.01 5.01 5.01 5.01 5.01 5.01 5.01 5.01 5.01 5.01 1.01 1.01 1.01 1.01 400 400 400 400], (78,), float32)","LR_COURSE_OBS","999640","78.93209075927734"
"CARTESIAN_PD_alt_schmuck_no_nrj_old_scaling_121822214842","6422","SAC","<stable_baselines3.common.vec_env.vec_normalize.VecNormalize object at 0x0000025E1BCCD6D0>","LR_COURSE_TASK","Box([-19 -19 -19 -0.11 -0.11 -0.11 -0.21 0.375 -1.98 -0.21 0.375 -1.98 -0.21 0.375 -1.98 -0.21 0.375 -1.98 -21 -21 -21 -21 -21 -21 -21 -21 -21 -21 -21 -21 -33.5 -33.5 -33.5 -33.5 -33.5 -33.5 -33.5 -33.5 -33.5 -33.5 -33.5 -33.5 -1.01 -1.01 -1.01 -1.01 -1.01 -1.01 -1.01 -1.01 -1.01 -1.01 -1.01 -1.01 -1.01 -1.01 -1.01 -1.01 -5.01 -5.01 -5.01 -5.01 -5.01 -5.01 -5.01 -5.01 -5.01 -5.01 -5.01 -5.01 -1.01 -1.01 -1.01 -1.01 -1.01 -1.01 -1.01 -1.01], [19 19 19 0.11 0.11 0.11 0.21 1.2 -1.16 0.21 1.2 -1.16 0.21 1.2 -1.16 0.21 1.2 -1.16 21 21 21 21 21 21 21 21 21 21 21 21 33.5 33.5 33.5 33.5 33.5 33.5 33.5 33.5 33.5 33.5 33.5 33.5 1.01 1.01 1.01 1.01 1.01 1.01 1.01 1.01 1.01 1.01 1.01 1.01 1.01 1.01 1.01 1.01 5.01 5.01 5.01 5.01 5.01 5.01 5.01 5.01 5.01 5.01 5.01 5.01 1.01 1.01 1.01 1.01 400 400 400 400], (78,), float32)","LR_COURSE_OBS","664920","13.075495719909668"
"CARTESIAN_PD_cartesian_rwd_old_scaling_121822214712","6513","SAC","<stable_baselines3.common.vec_env.vec_normalize.VecNormalize object at 0x000001E479FBC700>","CARTESIAN_RWD","Box([-19 -19 -19 -0.11 -0.11 -0.11 -0.21 0.375 -1.98 -0.21 0.375 -1.98 -0.21 0.375 -1.98 -0.21 0.375 -1.98 -21 -21 -21 -21 -21 -21 -21 -21 -21 -21 -21 -21 -33.5 -33.5 -33.5 -33.5 -33.5 -33.5 -33.5 -33.5 -33.5 -33.5 -33.5 -33.5 -1.01 -1.01 -1.01 -1.01 -1.01 -1.01 -1.01 -1.01 -1.01 -1.01 -1.01 -1.01 -1.01 -1.01 -1.01 -1.01 -5.01 -5.01 -5.01 -5.01 -5.01 -5.01 -5.01 -5.01 -5.01 -5.01 -5.01 -5.01 -1.01 -1.01 -1.01 -1.01 -1.01 -1.01 -1.01 -1.01], [19 19 19 0.11 0.11 0.11 0.21 1.2 -1.16 0.21 1.2 -1.16 0.21 1.2 -1.16 0.21 1.2 -1.16 21 21 21 21 21 21 21 21 21 21 21 21 33.5 33.5 33.5 33.5 33.5 33.5 33.5 33.5 33.5 33.5 33.5 33.5 1.01 1.01 1.01 1.01 1.01 1.01 1.01 1.01 1.01 1.01 1.01 1.01 1.01 1.01 1.01 1.01 5.01 5.01 5.01 5.01 5.01 5.01 5.01 5.01 5.01 5.01 5.01 5.01 1.01 1.01 1.01 1.01 400 400 400 400], (78,), float32)","LR_COURSE_OBS","674110","57.27261734008789"
"CPG_test_added_ztrain_to_actionS_121822171359","16811","SAC","<stable_baselines3.common.vec_env.vec_normalize.VecNormalize object at 0x0000020D6C194A60>","TEST","Box([-0.21 0.375 -1.98 -0.21 0.375 -1.98 -0.21 0.375 -1.98 -0.21 0.375 -1.98 -21 -21 -21 -21 -21 -21 -21 -21 -21 -21 -21 -21 -1.01 -1.01 -1.01 -1.01 -30 -30 -2.01 -1.01 -1.01 -1.01 -1.01 -5.01 -5.01 -5.01 -1.01 -1.01 -1.01 -1.01 -1.01 -1.01 -1.01 -1.01 -1.01 -1.01 -1.01 -1.01 -1.01 -1.01 -1.01 -1.01 -1.01 -1.01 -1.01 -1.01 -9.53 -9.53 -9.53 -9.53], [0.21 1.2 -1.16 0.21 1.2 -1.16 0.21 1.2 -1.16 0.21 1.2 -1.16 21 21 21 21 21 21 21 21 21 21 21 21 1.01 1.01 1.01 1.01 30 30 2.01 1.11 1.11 1.11 1.11 5.01 5.01 5.01 3.01 3.01 3.01 3.01 155 155 155 155 6.39 6.39 6.39 6.39 28.4 28.4 28.4 28.4 6.39 6.39 6.39 6.39 9.53 9.53 9.53 9.53], (62,), float32)","CPG_RL","999170","3.8209846019744873"
"CPG_test_added_ztrain_to_actionS_121822171244","37","SAC","<stable_baselines3.common.vec_env.vec_normalize.VecNormalize object at 0x0000020A1319DFD0>","FWD_LOCOMOTION","Box([-0.21 0.375 -1.98 -0.21 0.375 -1.98 -0.21 0.375 -1.98 -0.21 0.375 -1.98 -21 -21 -21 -21 -21 -21 -21 -21 -21 -21 -21 -21 -1.01 -1.01 -1.01 -1.01 -30 -30 -2.01 -1.01 -1.01 -1.01 -1.01 -5.01 -5.01 -5.01 -1.01 -1.01 -1.01 -1.01 -1.01 -1.01 -1.01 -1.01 -1.01 -1.01 -1.01 -1.01 -1.01 -1.01 -1.01 -1.01 -1.01 -1.01 -1.01 -1.01 -9.53 -9.53 -9.53 -9.53], [0.21 1.2 -1.16 0.21 1.2 -1.16 0.21 1.2 -1.16 0.21 1.2 -1.16 21 21 21 21 21 21 21 21 21 21 21 21 1.01 1.01 1.01 1.01 30 30 2.01 1.11 1.11 1.11 1.11 5.01 5.01 5.01 3.01 3.01 3.01 3.01 155 155 155 155 6.39 6.39 6.39 6.39 28.4 28.4 28.4 28.4 6.39 6.39 6.39 6.39 9.53 9.53 9.53 9.53], (62,), float32)","CPG_RL","490","0.0025805383920669556"
"CARTESIAN_PD_alterantive_shmuck_TF_old_scale_V2_121822150650","9085","SAC","<stable_baselines3.common.vec_env.vec_normalize.VecNormalize object at 0x000001BF569C5730>","LR_COURSE_TASK","Box([-19 -19 -19 -0.11 -0.11 -0.11 -0.21 0.375 -1.98 -0.21 0.375 -1.98 -0.21 0.375 -1.98 -0.21 0.375 -1.98 -21 -21 -21 -21 -21 -21 -21 -21 -21 -21 -21 -21 -33.5 -33.5 -33.5 -33.5 -33.5 -33.5 -33.5 -33.5 -33.5 -33.5 -33.5 -33.5 -1.01 -1.01 -1.01 -1.01 -1.01 -1.01 -1.01 -1.01 -1.01 -1.01 -1.01 -1.01 -1.01 -1.01 -1.01 -1.01 -5.01 -5.01 -5.01 -5.01 -5.01 -5.01 -5.01 -5.01 -5.01 -5.01 -5.01 -5.01 -1.01 -1.01 -1.01 -1.01 -1.01 -1.01 -1.01 -1.01], [19 19 19 0.11 0.11 0.11 0.21 1.2 -1.16 0.21 1.2 -1.16 0.21 1.2 -1.16 0.21 1.2 -1.16 21 21 21 21 21 21 21 21 21 21 21 21 33.5 33.5 33.5 33.5 33.5 33.5 33.5 33.5 33.5 33.5 33.5 33.5 1.01 1.01 1.01 1.01 1.01 1.01 1.01 1.01 1.01 1.01 1.01 1.01 1.01 1.01 1.01 1.01 5.01 5.01 5.01 5.01 5.01 5.01 5.01 5.01 5.01 5.01 5.01 5.01 1.01 1.01 1.01 1.01 400 400 400 400], (78,), float32)","LR_COURSE_OBS","999570","3.92720365524292"
"CARTESIAN_PD_alterantive_shmuck_TF_old_new_scale121822113437","13227","SAC","<stable_baselines3.common.vec_env.vec_normalize.VecNormalize object at 0x0000025FB059D700>","LR_COURSE_TASK","Box([-19 -19 -19 -0.11 -0.11 -0.11 -0.21 0.375 -1.98 -0.21 0.375 -1.98 -0.21 0.375 -1.98 -0.21 0.375 -1.98 -21 -21 -21 -21 -21 -21 -21 -21 -21 -21 -21 -21 -33.5 -33.5 -33.5 -33.5 -33.5 -33.5 -33.5 -33.5 -33.5 -33.5 -33.5 -33.5 -1.01 -1.01 -1.01 -1.01 -1.01 -1.01 -1.01 -1.01 -1.01 -1.01 -1.01 -1.01 -1.01 -1.01 -1.01 -1.01 -5.01 -5.01 -5.01 -5.01 -5.01 -5.01 -5.01 -5.01 -5.01 -5.01 -5.01 -5.01 -1.01 -1.01 -1.01 -1.01 -1.01 -1.01 -1.01 -1.01], [19 19 19 0.11 0.11 0.11 0.21 1.2 -1.16 0.21 1.2 -1.16 0.21 1.2 -1.16 0.21 1.2 -1.16 21 21 21 21 21 21 21 21 21 21 21 21 33.5 33.5 33.5 33.5 33.5 33.5 33.5 33.5 33.5 33.5 33.5 33.5 1.01 1.01 1.01 1.01 1.01 1.01 1.01 1.01 1.01 1.01 1.01 1.01 1.01 1.01 1.01 1.01 5.01 5.01 5.01 5.01 5.01 5.01 5.01 5.01 5.01 5.01 5.01 5.01 1.01 1.01 1.01 1.01 400 400 400 400], (78,), float32)","LR_COURSE_OBS","999710","5.299213886260986"
"CPG_test_y_offset_basic_reward_fct_121822113433","15500","SAC","<stable_baselines3.common.vec_env.vec_normalize.VecNormalize object at 0x000002264708DFD0>","FWD_LOCOMOTION","Box([-0.21 0.375 -1.98 -0.21 0.375 -1.98 -0.21 0.375 -1.98 -0.21 0.375 -1.98 -21 -21 -21 -21 -21 -21 -21 -21 -21 -21 -21 -21 -1.01 -1.01 -1.01 -1.01 -30 -30 -2.01 -1.01 -1.01 -1.01 -1.01 -5.01 -5.01 -5.01 -1.01 -1.01 -1.01 -1.01 -1.01 -1.01 -1.01 -1.01 -1.01 -1.01 -1.01 -1.01 -1.01 -1.01 -1.01 -1.01 -1.01 -1.01 -1.01 -1.01 -9.43 -9.43 -9.43 -9.43], [0.21 1.2 -1.16 0.21 1.2 -1.16 0.21 1.2 -1.16 0.21 1.2 -1.16 21 21 21 21 21 21 21 21 21 21 21 21 1.01 1.01 1.01 1.01 30 30 2.01 1.11 1.11 1.11 1.11 5.01 5.01 5.01 2.01 2.01 2.01 2.01 154 154 154 154 6.29 6.29 6.29 6.29 28.3 28.3 28.3 28.3 6.29 6.29 6.29 6.29 9.43 9.43 9.43 9.43], (62,), float32)","CPG_RL","999610","4.588169574737549"
"CARTESIAN_PD_alterantive_shmuck_TF_new_scale_v2121822112933","16321","SAC","<stable_baselines3.common.vec_env.vec_normalize.VecNormalize object at 0x000001726400C6D0>","LR_COURSE_TASK","Box([-19 -19 -19 -0.11 -0.11 -0.11 -0.21 0.375 -1.98 -0.21 0.375 -1.98 -0.21 0.375 -1.98 -0.21 0.375 -1.98 -21 -21 -21 -21 -21 -21 -21 -21 -21 -21 -21 -21 -33.5 -33.5 -33.5 -33.5 -33.5 -33.5 -33.5 -33.5 -33.5 -33.5 -33.5 -33.5 -1.01 -1.01 -1.01 -1.01 -1.01 -1.01 -1.01 -1.01 -1.01 -1.01 -1.01 -1.01 -1.01 -1.01 -1.01 -1.01 -5.01 -5.01 -5.01 -5.01 -5.01 -5.01 -5.01 -5.01 -5.01 -5.01 -5.01 -5.01 -1.01 -1.01 -1.01 -1.01 -1.01 -1.01 -1.01 -1.01], [19 19 19 0.11 0.11 0.11 0.21 1.2 -1.16 0.21 1.2 -1.16 0.21 1.2 -1.16 0.21 1.2 -1.16 21 21 21 21 21 21 21 21 21 21 21 21 33.5 33.5 33.5 33.5 33.5 33.5 33.5 33.5 33.5 33.5 33.5 33.5 1.01 1.01 1.01 1.01 1.01 1.01 1.01 1.01 1.01 1.01 1.01 1.01 1.01 1.01 1.01 1.01 5.01 5.01 5.01 5.01 5.01 5.01 5.01 5.01 5.01 5.01 5.01 5.01 1.01 1.01 1.01 1.01 400 400 400 400], (78,), float32)","LR_COURSE_OBS","999410","6.711719036102295"
"CARTESIAN_PD_alterantive_shmuck_TF_old_scale121822112502","10674","SAC","<stable_baselines3.common.vec_env.vec_normalize.VecNormalize object at 0x000002212FBB4790>","LR_COURSE_TASK","Box([-19 -19 -19 -0.11 -0.11 -0.11 -0.21 0.375 -1.98 -0.21 0.375 -1.98 -0.21 0.375 -1.98 -0.21 0.375 -1.98 -21 -21 -21 -21 -21 -21 -21 -21 -21 -21 -21 -21 -33.5 -33.5 -33.5 -33.5 -33.5 -33.5 -33.5 -33.5 -33.5 -33.5 -33.5 -33.5 -1.01 -1.01 -1.01 -1.01 -1.01 -1.01 -1.01 -1.01 -1.01 -1.01 -1.01 -1.01 -1.01 -1.01 -1.01 -1.01 -5.01 -5.01 -5.01 -5.01 -5.01 -5.01 -5.01 -5.01 -5.01 -5.01 -5.01 -5.01 -1.01 -1.01 -1.01 -1.01 -1.01 -1.01 -1.01 -1.01], [19 19 19 0.11 0.11 0.11 0.21 1.2 -1.16 0.21 1.2 -1.16 0.21 1.2 -1.16 0.21 1.2 -1.16 21 21 21 21 21 21 21 21 21 21 21 21 33.5 33.5 33.5 33.5 33.5 33.5 33.5 33.5 33.5 33.5 33.5 33.5 1.01 1.01 1.01 1.01 1.01 1.01 1.01 1.01 1.01 1.01 1.01 1.01 1.01 1.01 1.01 1.01 5.01 5.01 5.01 5.01 5.01 5.01 5.01 5.01 5.01 5.01 5.01 5.01 1.01 1.01 1.01 1.01 400 400 400 400], (78,), float32)","LR_COURSE_OBS","999290","12.902088165283203"
"CARTESIAN_PD_alterantive_shmuck_TF_old_scale121822112453","10800","SAC","<stable_baselines3.common.vec_env.vec_normalize.VecNormalize object at 0x00000209212AD700>","LR_COURSE_TASK","Box([-19 -19 -19 -0.11 -0.11 -0.11 -0.21 0.375 -1.98 -0.21 0.375 -1.98 -0.21 0.375 -1.98 -0.21 0.375 -1.98 -21 -21 -21 -21 -21 -21 -21 -21 -21 -21 -21 -21 -33.5 -33.5 -33.5 -33.5 -33.5 -33.5 -33.5 -33.5 -33.5 -33.5 -33.5 -33.5 -1.01 -1.01 -1.01 -1.01 -1.01 -1.01 -1.01 -1.01 -1.01 -1.01 -1.01 -1.01 -1.01 -1.01 -1.01 -1.01 -5.01 -5.01 -5.01 -5.01 -5.01 -5.01 -5.01 -5.01 -5.01 -5.01 -5.01 -5.01 -1.01 -1.01 -1.01 -1.01 -1.01 -1.01 -1.01 -1.01], [19 19 19 0.11 0.11 0.11 0.21 1.2 -1.16 0.21 1.2 -1.16 0.21 1.2 -1.16 0.21 1.2 -1.16 21 21 21 21 21 21 21 21 21 21 21 21 33.5 33.5 33.5 33.5 33.5 33.5 33.5 33.5 33.5 33.5 33.5 33.5 1.01 1.01 1.01 1.01 1.01 1.01 1.01 1.01 1.01 1.01 1.01 1.01 1.01 1.01 1.01 1.01 5.01 5.01 5.01 5.01 5.01 5.01 5.01 5.01 5.01 5.01 5.01 5.01 1.01 1.01 1.01 1.01 400 400 400 400], (78,), float32)","LR_COURSE_OBS","999980","55.55485153198242"
"CARTESIAN_PD_alterantive_shmuck_TF_old_scale121822000211","9780","SAC","<stable_baselines3.common.vec_env.vec_normalize.VecNormalize object at 0x000001FCC5BCC700>","LR_COURSE_TASK","Box([-19 -19 -19 -0.11 -0.11 -0.11 -0.21 0.375 -1.98 -0.21 0.375 -1.98 -0.21 0.375 -1.98 -0.21 0.375 -1.98 -21 -21 -21 -21 -21 -21 -21 -21 -21 -21 -21 -21 -33.5 -33.5 -33.5 -33.5 -33.5 -33.5 -33.5 -33.5 -33.5 -33.5 -33.5 -33.5 -1.01 -1.01 -1.01 -1.01 -1.01 -1.01 -1.01 -1.01 -1.01 -1.01 -1.01 -1.01 -1.01 -1.01 -1.01 -1.01 -5.01 -5.01 -5.01 -5.01 -5.01 -5.01 -5.01 -5.01 -5.01 -5.01 -5.01 -5.01 -1.01 -1.01 -1.01 -1.01 -1.01 -1.01 -1.01 -1.01], [19 19 19 0.11 0.11 0.11 0.21 1.2 -1.16 0.21 1.2 -1.16 0.21 1.2 -1.16 0.21 1.2 -1.16 21 21 21 21 21 21 21 21 21 21 21 21 33.5 33.5 33.5 33.5 33.5 33.5 33.5 33.5 33.5 33.5 33.5 33.5 1.01 1.01 1.01 1.01 1.01 1.01 1.01 1.01 1.01 1.01 1.01 1.01 1.01 1.01 1.01 1.01 5.01 5.01 5.01 5.01 5.01 5.01 5.01 5.01 5.01 5.01 5.01 5.01 1.01 1.01 1.01 1.01 400 400 400 400], (78,), float32)","LR_COURSE_OBS","999800","52.98915100097656"
"CARTESIAN_PD_alterantive_shmuck_TF_121822000056","9861","SAC","<stable_baselines3.common.vec_env.vec_normalize.VecNormalize object at 0x000001D1B0854790>","LR_COURSE_TASK","Box([-19 -19 -19 -0.11 -0.11 -0.11 -0.21 0.375 -1.98 -0.21 0.375 -1.98 -0.21 0.375 -1.98 -0.21 0.375 -1.98 -21 -21 -21 -21 -21 -21 -21 -21 -21 -21 -21 -21 -33.5 -33.5 -33.5 -33.5 -33.5 -33.5 -33.5 -33.5 -33.5 -33.5 -33.5 -33.5 -1.01 -1.01 -1.01 -1.01 -1.01 -1.01 -1.01 -1.01 -1.01 -1.01 -1.01 -1.01 -1.01 -1.01 -1.01 -1.01 -5.01 -5.01 -5.01 -5.01 -5.01 -5.01 -5.01 -5.01 -5.01 -5.01 -5.01 -5.01 -1.01 -1.01 -1.01 -1.01 -1.01 -1.01 -1.01 -1.01], [19 19 19 0.11 0.11 0.11 0.21 1.2 -1.16 0.21 1.2 -1.16 0.21 1.2 -1.16 0.21 1.2 -1.16 21 21 21 21 21 21 21 21 21 21 21 21 33.5 33.5 33.5 33.5 33.5 33.5 33.5 33.5 33.5 33.5 33.5 33.5 1.01 1.01 1.01 1.01 1.01 1.01 1.01 1.01 1.01 1.01 1.01 1.01 1.01 1.01 1.01 1.01 5.01 5.01 5.01 5.01 5.01 5.01 5.01 5.01 5.01 5.01 5.01 5.01 1.01 1.01 1.01 1.01 400 400 400 400], (78,), float32)","LR_COURSE_OBS","999790","63.85907745361328"
"CARTESIAN_PD_alterantive_shmuck_TF_121722235955","9916","SAC","<stable_baselines3.common.vec_env.vec_normalize.VecNormalize object at 0x000001D1E84AD700>","LR_COURSE_TASK","Box([-19 -19 -19 -0.11 -0.11 -0.11 -0.21 0.375 -1.98 -0.21 0.375 -1.98 -0.21 0.375 -1.98 -0.21 0.375 -1.98 -21 -21 -21 -21 -21 -21 -21 -21 -21 -21 -21 -21 -33.5 -33.5 -33.5 -33.5 -33.5 -33.5 -33.5 -33.5 -33.5 -33.5 -33.5 -33.5 -1.01 -1.01 -1.01 -1.01 -1.01 -1.01 -1.01 -1.01 -1.01 -1.01 -1.01 -1.01 -1.01 -1.01 -1.01 -1.01 -5.01 -5.01 -5.01 -5.01 -5.01 -5.01 -5.01 -5.01 -5.01 -5.01 -5.01 -5.01 -1.01 -1.01 -1.01 -1.01 -1.01 -1.01 -1.01 -1.01], [19 19 19 0.11 0.11 0.11 0.21 1.2 -1.16 0.21 1.2 -1.16 0.21 1.2 -1.16 0.21 1.2 -1.16 21 21 21 21 21 21 21 21 21 21 21 21 33.5 33.5 33.5 33.5 33.5 33.5 33.5 33.5 33.5 33.5 33.5 33.5 1.01 1.01 1.01 1.01 1.01 1.01 1.01 1.01 1.01 1.01 1.01 1.01 1.01 1.01 1.01 1.01 5.01 5.01 5.01 5.01 5.01 5.01 5.01 5.01 5.01 5.01 5.01 5.01 1.01 1.01 1.01 1.01 400 400 400 400], (78,), float32)","LR_COURSE_OBS","999540","70.97344207763672"
"CARTESIAN_PD_alterantive_shmuck_TF_121722201615","13165","SAC","<stable_baselines3.common.vec_env.vec_normalize.VecNormalize object at 0x000002C915C3D6D0>","LR_COURSE_TASK","Box([-19 -19 -19 -0.11 -0.11 -0.11 -0.21 0.375 -1.98 -0.21 0.375 -1.98 -0.21 0.375 -1.98 -0.21 0.375 -1.98 -21 -21 -21 -21 -21 -21 -21 -21 -21 -21 -21 -21 -33.5 -33.5 -33.5 -33.5 -33.5 -33.5 -33.5 -33.5 -33.5 -33.5 -33.5 -33.5 -1.01 -1.01 -1.01 -1.01 -1.01 -1.01 -1.01 -1.01 -1.01 -1.01 -1.01 -1.01 -1.01 -1.01 -1.01 -1.01 -5.01 -5.01 -5.01 -5.01 -5.01 -5.01 -5.01 -5.01 -5.01 -5.01 -5.01 -5.01 -1.01 -1.01 -1.01 -1.01 -1.01 -1.01 -1.01 -1.01], [19 19 19 0.11 0.11 0.11 0.21 1.2 -1.16 0.21 1.2 -1.16 0.21 1.2 -1.16 0.21 1.2 -1.16 21 21 21 21 21 21 21 21 21 21 21 21 33.5 33.5 33.5 33.5 33.5 33.5 33.5 33.5 33.5 33.5 33.5 33.5 1.01 1.01 1.01 1.01 1.01 1.01 1.01 1.01 1.01 1.01 1.01 1.01 1.01 1.01 1.01 1.01 5.01 5.01 5.01 5.01 5.01 5.01 5.01 5.01 5.01 5.01 5.01 5.01 1.01 1.01 1.01 1.01 400 400 400 400], (78,), float32)","LR_COURSE_OBS","704680","-0.05318889021873474"
"CPGCPG_test_y_offset_only_in_cart_121722174616","15050","SAC","<stable_baselines3.common.vec_env.vec_normalize.VecNormalize object at 0x0000027D13BF28B0>","TEST","Box([-0.21 0.375 -1.98 -0.21 0.375 -1.98 -0.21 0.375 -1.98 -0.21 0.375 -1.98 -21 -21 -21 -21 -21 -21 -21 -21 -21 -21 -21 -21 -1.01 -1.01 -1.01 -1.01 -30 -30 -2.01 -1.01 -1.01 -1.01 -1.01 -5.01 -5.01 -5.01 -1.01 -1.01 -1.01 -1.01 -1.01 -1.01 -1.01 -1.01 -1.01 -1.01 -1.01 -1.01 -1.01 -1.01 -1.01 -1.01 -1.01 -1.01 -1.01 -1.01 -9.43 -9.43 -9.43 -9.43], [0.21 1.2 -1.16 0.21 1.2 -1.16 0.21 1.2 -1.16 0.21 1.2 -1.16 21 21 21 21 21 21 21 21 21 21 21 21 1.01 1.01 1.01 1.01 30 30 2.01 1.11 1.11 1.11 1.11 5.01 5.01 5.01 2.01 2.01 2.01 2.01 154 154 154 154 6.29 6.29 6.29 6.29 28.3 28.3 28.3 28.3 6.29 6.29 6.29 6.29 9.43 9.43 9.43 9.43], (62,), float32)","CPG_RL","999980","20.649396896362305"
"CPGCPG_test_y_offset_only_in_cart_121722114816121722164005","3920","SAC","<stable_baselines3.common.vec_env.vec_normalize.VecNormalize object at 0x000001E4BEE438B0>","TEST","Box([-0.21 0.375 -1.98 -0.21 0.375 -1.98 -0.21 0.375 -1.98 -0.21 0.375 -1.98 -21 -21 -21 -21 -21 -21 -21 -21 -21 -21 -21 -21 -1.01 -1.01 -1.01 -1.01 -30 -30 -2.01 -1.01 -1.01 -1.01 -1.01 -5.01 -5.01 -5.01 -1.01 -1.01 -1.01 -1.01 -1.01 -1.01 -1.01 -1.01 -1.01 -1.01 -1.01 -1.01 -1.01 -1.01 -1.01 -1.01 -1.01 -1.01 -1.01 -1.01 -9.43 -9.43 -9.43 -9.43], [0.21 1.2 -1.16 0.21 1.2 -1.16 0.21 1.2 -1.16 0.21 1.2 -1.16 21 21 21 21 21 21 21 21 21 21 21 21 1.01 1.01 1.01 1.01 30 30 2.01 1.11 1.11 1.11 1.11 5.01 5.01 5.01 2.01 2.01 2.01 2.01 154 154 154 154 6.29 6.29 6.29 6.29 28.3 28.3 28.3 28.3 6.29 6.29 6.29 6.29 9.43 9.43 9.43 9.43], (62,), float32)","CPG_RL","244240","15.2140531539917"
"CARTESIAN_PD_alterantive_shmuck_TF_121722162256","9773","SAC","<stable_baselines3.common.vec_env.vec_normalize.VecNormalize object at 0x00000167B5924790>","LR_COURSE_TASK","Box([-19 -19 -19 -0.11 -0.11 -0.11 -0.21 0.375 -1.98 -0.21 0.375 -1.98 -0.21 0.375 -1.98 -0.21 0.375 -1.98 -21 -21 -21 -21 -21 -21 -21 -21 -21 -21 -21 -21 -33.5 -33.5 -33.5 -33.5 -33.5 -33.5 -33.5 -33.5 -33.5 -33.5 -33.5 -33.5 -1.01 -1.01 -1.01 -1.01 -1.01 -1.01 -1.01 -1.01 -1.01 -1.01 -1.01 -1.01 -1.01 -1.01 -1.01 -1.01 -5.01 -5.01 -5.01 -5.01 -5.01 -5.01 -5.01 -5.01 -5.01 -5.01 -5.01 -5.01 -1.01 -1.01 -1.01 -1.01 -1.01 -1.01 -1.01 -1.01], [19 19 19 0.11 0.11 0.11 0.21 1.2 -1.16 0.21 1.2 -1.16 0.21 1.2 -1.16 0.21 1.2 -1.16 21 21 21 21 21 21 21 21 21 21 21 21 33.5 33.5 33.5 33.5 33.5 33.5 33.5 33.5 33.5 33.5 33.5 33.5 1.01 1.01 1.01 1.01 1.01 1.01 1.01 1.01 1.01 1.01 1.01 1.01 1.01 1.01 1.01 1.01 5.01 5.01 5.01 5.01 5.01 5.01 5.01 5.01 5.01 5.01 5.01 5.01 1.01 1.01 1.01 1.01 400 400 400 400], (78,), float32)","LR_COURSE_OBS","998580","44.43604278564453"
"CARTESIAN_PD_alterantive_shmuck_TF_121722160828","10744","SAC","<stable_baselines3.common.vec_env.vec_normalize.VecNormalize object at 0x000001F3A725D700>","LR_COURSE_TASK","Box([-19 -19 -19 -0.11 -0.11 -0.11 -0.21 0.375 -1.98 -0.21 0.375 -1.98 -0.21 0.375 -1.98 -0.21 0.375 -1.98 -21 -21 -21 -21 -21 -21 -21 -21 -21 -21 -21 -21 -33.5 -33.5 -33.5 -33.5 -33.5 -33.5 -33.5 -33.5 -33.5 -33.5 -33.5 -33.5 -1.01 -1.01 -1.01 -1.01 -1.01 -1.01 -1.01 -1.01 -1.01 -1.01 -1.01 -1.01 -1.01 -1.01 -1.01 -1.01 -5.01 -5.01 -5.01 -5.01 -5.01 -5.01 -5.01 -5.01 -5.01 -5.01 -5.01 -5.01 -1.01 -1.01 -1.01 -1.01 -1.01 -1.01 -1.01 -1.01], [19 19 19 0.11 0.11 0.11 0.21 1.2 -1.16 0.21 1.2 -1.16 0.21 1.2 -1.16 0.21 1.2 -1.16 21 21 21 21 21 21 21 21 21 21 21 21 33.5 33.5 33.5 33.5 33.5 33.5 33.5 33.5 33.5 33.5 33.5 33.5 1.01 1.01 1.01 1.01 1.01 1.01 1.01 1.01 1.01 1.01 1.01 1.01 1.01 1.01 1.01 1.01 5.01 5.01 5.01 5.01 5.01 5.01 5.01 5.01 5.01 5.01 5.01 5.01 1.01 1.01 1.01 1.01 400 400 400 400], (78,), float32)","LR_COURSE_OBS","979380","5.879856109619141"
"CARTESIAN_PD_best_run_follow_121722132419","10119","SAC","<stable_baselines3.common.vec_env.vec_normalize.VecNormalize object at 0x000001CE5682A730>","LR_COURSE_TASK","Box([-0.21 0.375 -1.98 -0.21 0.375 -1.98 -0.21 0.375 -1.98 -0.21 0.375 -1.98 -21 -21 -21 -21 -21 -21 -21 -21 -21 -21 -21 -21 -1.01 -1.01 -1.01 -1.01 -30 -30 -2.01 -1.01 -1.01 -1.01 -1.01 -5.01 -5.01 -5.01], [0.21 1.2 -1.16 0.21 1.2 -1.16 0.21 1.2 -1.16 0.21 1.2 -1.16 21 21 21 21 21 21 21 21 21 21 21 21 1.01 1.01 1.01 1.01 30 30 2.01 1.11 1.11 1.11 1.11 5.01 5.01 5.01], (38,), float32)","LR_COURSE_OBS","992710","56.546852111816406"
"CARTESIAN_PD_alterantive_shmuck_121722121129","10790","SAC","<stable_baselines3.common.vec_env.vec_normalize.VecNormalize object at 0x0000018947636730>","LR_COURSE_TASK","Box([-19 -19 -19 -0.11 -0.11 -0.11 -0.21 0.375 -1.98 -0.21 0.375 -1.98 -0.21 0.375 -1.98 -0.21 0.375 -1.98 -21 -21 -21 -21 -21 -21 -21 -21 -21 -21 -21 -21 -33.5 -33.5 -33.5 -33.5 -33.5 -33.5 -33.5 -33.5 -33.5 -33.5 -33.5 -33.5 -1.01 -1.01 -1.01 -1.01 -1.01 -1.01 -1.01 -1.01 -1.01 -1.01 -1.01 -1.01 -1.01 -1.01 -1.01 -1.01 -5.01 -5.01 -5.01 -5.01 -5.01 -5.01 -5.01 -5.01 -5.01 -5.01 -5.01 -5.01 -1.01 -1.01 -1.01 -1.01 -1.01 -1.01 -1.01 -1.01], [19 19 19 0.11 0.11 0.11 0.21 1.2 -1.16 0.21 1.2 -1.16 0.21 1.2 -1.16 0.21 1.2 -1.16 21 21 21 21 21 21 21 21 21 21 21 21 33.5 33.5 33.5 33.5 33.5 33.5 33.5 33.5 33.5 33.5 33.5 33.5 1.01 1.01 1.01 1.01 1.01 1.01 1.01 1.01 1.01 1.01 1.01 1.01 1.01 1.01 1.01 1.01 5.01 5.01 5.01 5.01 5.01 5.01 5.01 5.01 5.01 5.01 5.01 5.01 1.01 1.01 1.01 1.01 400 400 400 400], (78,), float32)","LR_COURSE_OBS","999190","34.21561050415039"
"CPG_test_y_offset_only_in_cart_121722114816","16677","SAC","<stable_baselines3.common.vec_env.vec_normalize.VecNormalize object at 0x000002C489905A60>","TEST","Box([-0.21 0.375 -1.98 -0.21 0.375 -1.98 -0.21 0.375 -1.98 -0.21 0.375 -1.98 -21 -21 -21 -21 -21 -21 -21 -21 -21 -21 -21 -21 -1.01 -1.01 -1.01 -1.01 -30 -30 -2.01 -1.01 -1.01 -1.01 -1.01 -5.01 -5.01 -5.01 -1.01 -1.01 -1.01 -1.01 -1.01 -1.01 -1.01 -1.01 -1.01 -1.01 -1.01 -1.01 -1.01 -1.01 -1.01 -1.01 -1.01 -1.01 -1.01 -1.01 -9.43 -9.43 -9.43 -9.43], [0.21 1.2 -1.16 0.21 1.2 -1.16 0.21 1.2 -1.16 0.21 1.2 -1.16 21 21 21 21 21 21 21 21 21 21 21 21 1.01 1.01 1.01 1.01 30 30 2.01 1.11 1.11 1.11 1.11 5.01 5.01 5.01 2.01 2.01 2.01 2.01 154 154 154 154 6.29 6.29 6.29 6.29 28.3 28.3 28.3 28.3 6.29 6.29 6.29 6.29 9.43 9.43 9.43 9.43], (62,), float32)","CPG_RL","999880","17.012712478637695"
"CPG_test_y_offset_in_hopf121722100211","5669","SAC","<stable_baselines3.common.vec_env.vec_normalize.VecNormalize object at 0x0000026794A138B0>","TEST","Box([-0.21 0.375 -1.98 -0.21 0.375 -1.98 -0.21 0.375 -1.98 -0.21 0.375 -1.98 -21 -21 -21 -21 -21 -21 -21 -21 -21 -21 -21 -21 -1.01 -1.01 -1.01 -1.01 -30 -30 -2.01 -1.01 -1.01 -1.01 -1.01 -5.01 -5.01 -5.01 -1.01 -1.01 -1.01 -1.01 -1.01 -1.01 -1.01 -1.01 -1.01 -1.01 -1.01 -1.01 -1.01 -1.01 -1.01 -1.01 -1.01 -1.01 -1.01 -1.01 -9.43 -9.43 -9.43 -9.43], [0.21 1.2 -1.16 0.21 1.2 -1.16 0.21 1.2 -1.16 0.21 1.2 -1.16 21 21 21 21 21 21 21 21 21 21 21 21 1.01 1.01 1.01 1.01 30 30 2.01 1.11 1.11 1.11 1.11 5.01 5.01 5.01 2.01 2.01 2.01 2.01 154 154 154 154 6.29 6.29 6.29 6.29 28.3 28.3 28.3 28.3 6.29 6.29 6.29 6.29 9.43 9.43 9.43 9.43], (62,), float32)","CPG_RL","371380","18.402679443359375"
"CPG_test_y_offset_in_hopf121622232407","15824","SAC","<stable_baselines3.common.vec_env.vec_normalize.VecNormalize object at 0x000001CCCDDA4A60>","TEST","Box([-0.21 0.375 -1.98 -0.21 0.375 -1.98 -0.21 0.375 -1.98 -0.21 0.375 -1.98 -21 -21 -21 -21 -21 -21 -21 -21 -21 -21 -21 -21 -1.01 -1.01 -1.01 -1.01 -30 -30 -2.01 -1.01 -1.01 -1.01 -1.01 -5.01 -5.01 -5.01 -1.01 -1.01 -1.01 -1.01 -1.01 -1.01 -1.01 -1.01 -1.01 -1.01 -1.01 -1.01 -1.01 -1.01 -1.01 -1.01 -1.01 -1.01 -1.01 -1.01 -9.43 -9.43 -9.43 -9.43], [0.21 1.2 -1.16 0.21 1.2 -1.16 0.21 1.2 -1.16 0.21 1.2 -1.16 21 21 21 21 21 21 21 21 21 21 21 21 1.01 1.01 1.01 1.01 30 30 2.01 1.11 1.11 1.11 1.11 5.01 5.01 5.01 2.01 2.01 2.01 2.01 154 154 154 154 6.29 6.29 6.29 6.29 28.3 28.3 28.3 28.3 6.29 6.29 6.29 6.29 9.43 9.43 9.43 9.43], (62,), float32)","CPG_RL","999300","15.455718040466309"
"CARTESIAN_PD_paper_scaling_cartesian_rwd_121622220639","15107","SAC","<stable_baselines3.common.vec_env.vec_normalize.VecNormalize object at 0x00000274294B4760>","CARTESIAN_RWD","Box([-0.21 0.375 -1.98 -0.21 0.375 -1.98 -0.21 0.375 -1.98 -0.21 0.375 -1.98 -21 -21 -21 -21 -21 -21 -21 -21 -21 -21 -21 -21 -1.01 -1.01 -1.01 -1.01 -30 -30 -2.01 -1.01 -1.01 -1.01 -1.01 -5.01 -5.01 -5.01], [0.21 1.2 -1.16 0.21 1.2 -1.16 0.21 1.2 -1.16 0.21 1.2 -1.16 21 21 21 21 21 21 21 21 21 21 21 21 1.01 1.01 1.01 1.01 30 30 2.01 1.11 1.11 1.11 1.11 5.01 5.01 5.01], (38,), float32)","LR_COURSE_OBS","999940","20.303897857666016"
"CARTESIAN_PD_paper_scaling_cartesian_rwd_121622215912","14766","PPO","<stable_baselines3.common.vec_env.vec_normalize.VecNormalize object at 0x000001C19FC2D700>","CARTESIAN_RWD","Box([-0.21 0.375 -1.98 -0.21 0.375 -1.98 -0.21 0.375 -1.98 -0.21 0.375 -1.98 -21 -21 -21 -21 -21 -21 -21 -21 -21 -21 -21 -21 -1.01 -1.01 -1.01 -1.01 -30 -30 -2.01 -1.01 -1.01 -1.01 -1.01 -5.01 -5.01 -5.01], [0.21 1.2 -1.16 0.21 1.2 -1.16 0.21 1.2 -1.16 0.21 1.2 -1.16 21 21 21 21 21 21 21 21 21 21 21 21 1.01 1.01 1.01 1.01 30 30 2.01 1.11 1.11 1.11 1.11 5.01 5.01 5.01], (38,), float32)","LR_COURSE_OBS","1002050","10.177309036254885"
"CARTESIAN_PD_paper_scaling_cartesian_rwd_121622191443","9122","SAC","<stable_baselines3.common.vec_env.vec_normalize.VecNormalize object at 0x0000026B611CC700>","CARTESIAN_RWD","Box([-0.21 0.375 -1.98 -0.21 0.375 -1.98 -0.21 0.375 -1.98 -0.21 0.375 -1.98 -21 -21 -21 -21 -21 -21 -21 -21 -21 -21 -21 -21 -1.01 -1.01 -1.01 -1.01 -30 -30 -2.01 -1.01 -1.01 -1.01 -1.01 -5.01 -5.01 -5.01], [0.21 1.2 -1.16 0.21 1.2 -1.16 0.21 1.2 -1.16 0.21 1.2 -1.16 21 21 21 21 21 21 21 21 21 21 21 21 1.01 1.01 1.01 1.01 30 30 2.01 1.11 1.11 1.11 1.11 5.01 5.01 5.01], (38,), float32)","LR_COURSE_OBS","830000","70.8010482788086"
"CARTESIAN_PD_testing_scaling_121622133414","8242","SAC","<stable_baselines3.common.vec_env.vec_normalize.VecNormalize object at 0x000001F51461D6D0>","LR_COURSE_TASK","Box([-0.21 0.375 -1.98 -0.21 0.375 -1.98 -0.21 0.375 -1.98 -0.21 0.375 -1.98 -21 -21 -21 -21 -21 -21 -21 -21 -21 -21 -21 -21 -1.01 -1.01 -1.01 -1.01 -30 -30 -2.01 -1.01 -1.01 -1.01 -1.01 -5.01 -5.01 -5.01], [0.21 1.2 -1.16 0.21 1.2 -1.16 0.21 1.2 -1.16 0.21 1.2 -1.16 21 21 21 21 21 21 21 21 21 21 21 21 1.01 1.01 1.01 1.01 30 30 2.01 1.11 1.11 1.11 1.11 5.01 5.01 5.01], (38,), float32)","LR_COURSE_OBS","998600","793.322265625"
"CARTESIAN_PD_regular_forward_121622130629","9599","SAC","<stable_baselines3.common.vec_env.vec_normalize.VecNormalize object at 0x00000191E8AA3820>","LR_COURSE_TASK","Box([-0.21 0.375 -1.98 -0.21 0.375 -1.98 -0.21 0.375 -1.98 -0.21 0.375 -1.98 -21 -21 -21 -21 -21 -21 -21 -21 -21 -21 -21 -21 -1.01 -1.01 -1.01 -1.01 -30 -30 -2.01 -1.01 -1.01 -1.01 -1.01 -5.01 -5.01 -5.01], [0.21 1.2 -1.16 0.21 1.2 -1.16 0.21 1.2 -1.16 0.21 1.2 -1.16 21 21 21 21 21 21 21 21 21 21 21 21 1.01 1.01 1.01 1.01 30 30 2.01 1.11 1.11 1.11 1.11 5.01 5.01 5.01], (38,), float32)","LR_COURSE_OBS","999410","0.015227960422635078"
"CARTESIAN_PD_testing_scaling_121622101101","11973","SAC","<stable_baselines3.common.vec_env.vec_normalize.VecNormalize object at 0x000001FE6442D6D0>","LR_COURSE_TASK","Box([-0.21 0.375 -1.98 -0.21 0.375 -1.98 -0.21 0.375 -1.98 -0.21 0.375 -1.98 -21 -21 -21 -21 -21 -21 -21 -21 -21 -21 -21 -21 -1.01 -1.01 -1.01 -1.01 -30 -30 -2.01 -1.01 -1.01 -1.01 -1.01 -5.01 -5.01 -5.01], [0.21 1.2 -1.16 0.21 1.2 -1.16 0.21 1.2 -1.16 0.21 1.2 -1.16 21 21 21 21 21 21 21 21 21 21 21 21 1.01 1.01 1.01 1.01 30 30 2.01 1.11 1.11 1.11 1.11 5.01 5.01 5.01], (38,), float32)","LR_COURSE_OBS","1466090","866.6826782226562"
"CARTESIAN_PD_reuglar_forward_different_scaling_121622095000","10437","SAC","<stable_baselines3.common.vec_env.vec_normalize.VecNormalize object at 0x0000021A1E018D00>","LR_COURSE_TASK","Box([-0.21 0.375 -1.98 -0.21 0.375 -1.98 -0.21 0.375 -1.98 -0.21 0.375 -1.98 -21 -21 -21 -21 -21 -21 -21 -21 -21 -21 -21 -21 -1.01 -1.01 -1.01 -1.01 -30 -30 -2.01 -1.01 -1.01 -1.01 -1.01 -5.01 -5.01 -5.01], [0.21 1.2 -1.16 0.21 1.2 -1.16 0.21 1.2 -1.16 0.21 1.2 -1.16 21 21 21 21 21 21 21 21 21 21 21 21 1.01 1.01 1.01 1.01 30 30 2.01 1.11 1.11 1.11 1.11 5.01 5.01 5.01], (38,), float32)","LR_COURSE_OBS","",""
"CPG_test_new_y_new_reward_121622094344","16544","SAC","<stable_baselines3.common.vec_env.vec_normalize.VecNormalize object at 0x0000015BFEC54A60>","TEST","Box([-0.21 0.375 -1.98 -0.21 0.375 -1.98 -0.21 0.375 -1.98 -0.21 0.375 -1.98 -21 -21 -21 -21 -21 -21 -21 -21 -21 -21 -21 -21 -1.01 -1.01 -1.01 -1.01 -30 -30 -2.01 -1.01 -1.01 -1.01 -1.01 -5.01 -5.01 -5.01 -1.01 -1.01 -1.01 -1.01 -1.01 -1.01 -1.01 -1.01 -1.01 -1.01 -1.01 -1.01 -1.01 -1.01 -1.01 -1.01 -1.01 -1.01 -1.01 -1.01 -9.53 -9.53 -9.53 -9.53], [0.21 1.2 -1.16 0.21 1.2 -1.16 0.21 1.2 -1.16 0.21 1.2 -1.16 21 21 21 21 21 21 21 21 21 21 21 21 1.01 1.01 1.01 1.01 30 30 2.01 1.11 1.11 1.11 1.11 5.01 5.01 5.01 3.01 3.01 3.01 3.01 155 155 155 155 6.39 6.39 6.39 6.39 28.4 28.4 28.4 28.4 6.39 6.39 6.39 6.39 9.53 9.53 9.53 9.53], (62,), float32)","CPG_RL","998850","14.306676864624023"
"CARTESIAN_PDgoing_ballistic121622014509","9878","SAC","<stable_baselines3.common.vec_env.vec_normalize.VecNormalize object at 0x00000169BB19D6D0>","LR_COURSE_TASK","Box([-0.21 0.375 -1.98 -0.21 0.375 -1.98 -0.21 0.375 -1.98 -0.21 0.375 -1.98 -21 -21 -21 -21 -21 -21 -21 -21 -21 -21 -21 -21 -1.01 -1.01 -1.01 -1.01 -30 -30 -2.01 -1.01 -1.01 -1.01 -1.01 -5.01 -5.01 -5.01], [0.21 1.2 -1.16 0.21 1.2 -1.16 0.21 1.2 -1.16 0.21 1.2 -1.16 21 21 21 21 21 21 21 21 21 21 21 21 1.01 1.01 1.01 1.01 30 30 2.01 1.11 1.11 1.11 1.11 5.01 5.01 5.01], (38,), float32)","LR_COURSE_OBS","999930","0"
"CPG_test_old_y_121522221641","16808","SAC","<stable_baselines3.common.vec_env.vec_normalize.VecNormalize object at 0x0000017B77BE5A90>","TEST","Box([-0.21 0.375 -1.98 -0.21 0.375 -1.98 -0.21 0.375 -1.98 -0.21 0.375 -1.98 -21 -21 -21 -21 -21 -21 -21 -21 -21 -21 -21 -21 -1.01 -1.01 -1.01 -1.01 -30 -30 -2.01 -1.01 -1.01 -1.01 -1.01 -5.01 -5.01 -5.01 -1.01 -1.01 -1.01 -1.01 -1.01 -1.01 -1.01 -1.01 -1.01 -1.01 -1.01 -1.01 -1.01 -1.01 -1.01 -1.01 -1.01 -1.01 -1.01 -1.01 -9.53 -9.53 -9.53 -9.53], [0.21 1.2 -1.16 0.21 1.2 -1.16 0.21 1.2 -1.16 0.21 1.2 -1.16 21 21 21 21 21 21 21 21 21 21 21 21 1.01 1.01 1.01 1.01 30 30 2.01 1.11 1.11 1.11 1.11 5.01 5.01 5.01 3.01 3.01 3.01 3.01 155 155 155 155 6.39 6.39 6.39 6.39 28.4 28.4 28.4 28.4 6.39 6.39 6.39 6.39 9.53 9.53 9.53 9.53], (62,), float32)","CPG_RL","998170","18.66057586669922"
"CPG_CPG_y_corrected_try_without_cart121522141406","16058","SAC","<stable_baselines3.common.vec_env.vec_normalize.VecNormalize object at 0x000001FD6A394A60>","TEST","Box([-0.21 0.375 -1.98 -0.21 0.375 -1.98 -0.21 0.375 -1.98 -0.21 0.375 -1.98 -21 -21 -21 -21 -21 -21 -21 -21 -21 -21 -21 -21 -1.01 -1.01 -1.01 -1.01 -30 -30 -2.01 -1.01 -1.01 -1.01 -1.01 -5.01 -5.01 -5.01 -1.01 -1.01 -1.01 -1.01 -1.01 -1.01 -1.01 -1.01 -1.01 -1.01 -1.01 -1.01 -1.01 -1.01 -1.01 -1.01 -1.01 -1.01 -1.01 -1.01 -9.53 -9.53 -9.53 -9.53], [0.21 1.2 -1.16 0.21 1.2 -1.16 0.21 1.2 -1.16 0.21 1.2 -1.16 21 21 21 21 21 21 21 21 21 21 21 21 1.01 1.01 1.01 1.01 30 30 2.01 1.11 1.11 1.11 1.11 5.01 5.01 5.01 3.01 3.01 3.01 3.01 155 155 155 155 6.39 6.39 6.39 6.39 28.4 28.4 28.4 28.4 6.39 6.39 6.39 6.39 9.53 9.53 9.53 9.53], (62,), float32)","CPG_RL","998180","18.82826232910156"
"CPG_y_displacement_121422150803","7668","SAC","<stable_baselines3.common.vec_env.vec_normalize.VecNormalize object at 0x000001F6C06E7FA0>","TEST","Box([-0.21 0.375 -1.98 -0.21 0.375 -1.98 -0.21 0.375 -1.98 -0.21 0.375 -1.98 -21 -21 -21 -21 -21 -21 -21 -21 -21 -21 -21 -21 -1.01 -1.01 -1.01 -1.01 -30 -30 -2.01 -1.01 -1.01 -1.01 -1.01 -5.01 -5.01 -5.01 -1.01 -1.01 -1.01 -1.01 -1.01 -1.01 -1.01 -1.01 -1.01 -1.01 -1.01 -1.01 -1.01 -1.01 -1.01 -1.01 -1.01 -1.01 -1.01 -1.01 -9.53 -9.53 -9.53 -9.53], [0.21 1.2 -1.16 0.21 1.2 -1.16 0.21 1.2 -1.16 0.21 1.2 -1.16 21 21 21 21 21 21 21 21 21 21 21 21 1.01 1.01 1.01 1.01 30 30 2.01 1.11 1.11 1.11 1.11 5.01 5.01 5.01 3.01 3.01 3.01 3.01 278 278 278 278 6.39 6.39 6.39 6.39 28.4 28.4 28.4 28.4 6.39 6.39 6.39 6.39 9.53 9.53 9.53 9.53], (62,), float32)","CPG_RL","499520","21.960050582885746"
"CPG_CPG_y_corrected_121422132636","16475","SAC","<stable_baselines3.common.vec_env.vec_normalize.VecNormalize object at 0x00000254A7454A60>","TEST","Box([-0.21 0.375 -1.98 -0.21 0.375 -1.98 -0.21 0.375 -1.98 -0.21 0.375 -1.98 -21 -21 -21 -21 -21 -21 -21 -21 -21 -21 -21 -21 -1.01 -1.01 -1.01 -1.01 -30 -30 -2.01 -1.01 -1.01 -1.01 -1.01 -5.01 -5.01 -5.01 -1.01 -1.01 -1.01 -1.01 -1.01 -1.01 -1.01 -1.01 -1.01 -1.01 -1.01 -1.01 -1.01 -1.01 -1.01 -1.01 -1.01 -1.01 -1.01 -1.01 -9.53 -9.53 -9.53 -9.53], [0.21 1.2 -1.16 0.21 1.2 -1.16 0.21 1.2 -1.16 0.21 1.2 -1.16 21 21 21 21 21 21 21 21 21 21 21 21 1.01 1.01 1.01 1.01 30 30 2.01 1.11 1.11 1.11 1.11 5.01 5.01 5.01 3.01 3.01 3.01 3.01 155 155 155 155 6.39 6.39 6.39 6.39 28.4 28.4 28.4 28.4 6.39 6.39 6.39 6.39 9.53 9.53 9.53 9.53], (62,), float32)","CPG_RL","999560","19.533735275268555"
"CPG_y_displacement_121422101235","13582","SAC","<stable_baselines3.common.vec_env.vec_normalize.VecNormalize object at 0x000002200C538FA0>","TEST","Box([-0.21 0.375 -1.98 -0.21 0.375 -1.98 -0.21 0.375 -1.98 -0.21 0.375 -1.98 -21 -21 -21 -21 -21 -21 -21 -21 -21 -21 -21 -21 -1.01 -1.01 -1.01 -1.01 -30 -30 -2.01 -1.01 -1.01 -1.01 -1.01 -5.01 -5.01 -5.01 -1.01 -1.01 -1.01 -1.01 -1.01 -1.01 -1.01 -1.01 -1.01 -1.01 -1.01 -1.01 -1.01 -1.01 -1.01 -1.01 -1.01 -1.01 -1.01 -1.01 -9.53 -9.53 -9.53 -9.53], [0.21 1.2 -1.16 0.21 1.2 -1.16 0.21 1.2 -1.16 0.21 1.2 -1.16 21 21 21 21 21 21 21 21 21 21 21 21 1.01 1.01 1.01 1.01 30 30 2.01 1.11 1.11 1.11 1.11 5.01 5.01 5.01 3.01 3.01 3.01 3.01 278 278 278 278 6.39 6.39 6.39 6.39 28.4 28.4 28.4 28.4 6.39 6.39 6.39 6.39 9.53 9.53 9.53 9.53], (62,), float32)","CPG_RL","998500","22.019567489624023"
"CPG_CPG_y_corrected_121422085053","15528","SAC","<stable_baselines3.common.vec_env.vec_normalize.VecNormalize object at 0x000001A4B60B38B0>","TEST","Box([-0.21 0.375 -1.98 -0.21 0.375 -1.98 -0.21 0.375 -1.98 -0.21 0.375 -1.98 -21 -21 -21 -21 -21 -21 -21 -21 -21 -21 -21 -21 -1.01 -1.01 -1.01 -1.01 -30 -30 -2.01 -1.01 -1.01 -1.01 -1.01 -5.01 -5.01 -5.01 -1.01 -1.01 -1.01 -1.01 -1.01 -1.01 -1.01 -1.01 -1.01 -1.01 -1.01 -1.01 -1.01 -1.01 -1.01 -1.01 -1.01 -1.01 -1.01 -1.01 -9.53 -9.53 -9.53 -9.53], [0.21 1.2 -1.16 0.21 1.2 -1.16 0.21 1.2 -1.16 0.21 1.2 -1.16 21 21 21 21 21 21 21 21 21 21 21 21 1.01 1.01 1.01 1.01 30 30 2.01 1.11 1.11 1.11 1.11 5.01 5.01 5.01 3.01 3.01 3.01 3.01 155 155 155 155 6.39 6.39 6.39 6.39 28.4 28.4 28.4 28.4 6.39 6.39 6.39 6.39 9.53 9.53 9.53 9.53], (62,), float32)","CPG_RL","999660","17.958477020263672"
"CPG_CPG_y_corrected_121322212119","15049","SAC","<stable_baselines3.common.vec_env.vec_normalize.VecNormalize object at 0x0000018E48D248B0>","TEST","Box([-0.21 0.375 -1.98 -0.21 0.375 -1.98 -0.21 0.375 -1.98 -0.21 0.375 -1.98 -21 -21 -21 -21 -21 -21 -21 -21 -21 -21 -21 -21 -1.01 -1.01 -1.01 -1.01 -30 -30 -2.01 -1.01 -1.01 -1.01 -1.01 -5.01 -5.01 -5.01 -1.01 -1.01 -1.01 -1.01 -1.01 -1.01 -1.01 -1.01 -1.01 -1.01 -1.01 -1.01 -1.01 -1.01 -1.01 -1.01 -1.01 -1.01 -1.01 -1.01 -9.53 -9.53 -9.53 -9.53], [0.21 1.2 -1.16 0.21 1.2 -1.16 0.21 1.2 -1.16 0.21 1.2 -1.16 21 21 21 21 21 21 21 21 21 21 21 21 1.01 1.01 1.01 1.01 30 30 2.01 1.11 1.11 1.11 1.11 5.01 5.01 5.01 3.01 3.01 3.01 3.01 155 155 155 155 6.39 6.39 6.39 6.39 28.4 28.4 28.4 28.4 6.39 6.39 6.39 6.39 9.53 9.53 9.53 9.53], (62,), float32)","CPG_RL","999840","18.71443748474121"
"CPG_y_displacement_121322165520","18662","SAC","<stable_baselines3.common.vec_env.vec_normalize.VecNormalize object at 0x00000282D252C5E0>","TEST","Box([-0.21 0.375 -1.98 -0.21 0.375 -1.98 -0.21 0.375 -1.98 -0.21 0.375 -1.98 -21 -21 -21 -21 -21 -21 -21 -21 -21 -21 -21 -21 -1.01 -1.01 -1.01 -1.01 -30 -30 -2.01 -1.01 -1.01 -1.01 -1.01 -5.01 -5.01 -5.01 -1.01 -1.01 -1.01 -1.01 -1.01 -1.01 -1.01 -1.01 -1.01 -1.01 -1.01 -1.01 -1.01 -1.01 -1.01 -1.01 -1.01 -1.01 -1.01 -1.01 -9.53 -9.53 -9.53 -9.53], [0.21 1.2 -1.16 0.21 1.2 -1.16 0.21 1.2 -1.16 0.21 1.2 -1.16 21 21 21 21 21 21 21 21 21 21 21 21 1.01 1.01 1.01 1.01 30 30 2.01 1.11 1.11 1.11 1.11 5.01 5.01 5.01 3.01 3.01 3.01 3.01 278 278 278 278 6.39 6.39 6.39 6.39 28.4 28.4 28.4 28.4 6.39 6.39 6.39 6.39 9.53 9.53 9.53 9.53], (62,), float32)","CPG_RL","997660","20.738706588745117"
"CPG_CPG_y_corrected_121322161114","16093","SAC","<stable_baselines3.common.vec_env.vec_normalize.VecNormalize object at 0x0000011893D64A60>","TEST","Box([-0.21 0.375 -1.98 -0.21 0.375 -1.98 -0.21 0.375 -1.98 -0.21 0.375 -1.98 -21 -21 -21 -21 -21 -21 -21 -21 -21 -21 -21 -21 -1.01 -1.01 -1.01 -1.01 -30 -30 -2.01 -1.01 -1.01 -1.01 -1.01 -5.01 -5.01 -5.01 -1.01 -1.01 -1.01 -1.01 -1.01 -1.01 -1.01 -1.01 -1.01 -1.01 -1.01 -1.01 -1.01 -1.01 -1.01 -1.01 -1.01 -1.01 -1.01 -1.01 -9.53 -9.53 -9.53 -9.53], [0.21 1.2 -1.16 0.21 1.2 -1.16 0.21 1.2 -1.16 0.21 1.2 -1.16 21 21 21 21 21 21 21 21 21 21 21 21 1.01 1.01 1.01 1.01 30 30 2.01 1.11 1.11 1.11 1.11 5.01 5.01 5.01 3.01 3.01 3.01 3.01 155 155 155 155 6.39 6.39 6.39 6.39 28.4 28.4 28.4 28.4 6.39 6.39 6.39 6.39 9.53 9.53 9.53 9.53], (62,), float32)","CPG_RL","999200","14.304443359375"
"CPG_cpg_backward_121222204813","17304","SAC","<stable_baselines3.common.vec_env.vec_normalize.VecNormalize object at 0x000001FA8C5C3880>","LR_COURSE_TASK","Box([-0.21 0.375 -1.98 -0.21 0.375 -1.98 -0.21 0.375 -1.98 -0.21 0.375 -1.98 -21 -21 -21 -21 -21 -21 -21 -21 -21 -21 -21 -21 -1.01 -1.01 -1.01 -1.01 -30 -30 -2.01 -1.01 -1.01 -1.01 -1.01 -5.01 -5.01 -5.01 -1.01 -1.01 -1.01 -1.01 -1.01 -1.01 -1.01 -1.01 -1.01 -1.01 -1.01 -1.01 -1.01 -1.01 -1.01 -1.01 -1.01 -1.01 -1.01 -1.01 -9.53 -9.53 -9.53 -9.53], [0.21 1.2 -1.16 0.21 1.2 -1.16 0.21 1.2 -1.16 0.21 1.2 -1.16 21 21 21 21 21 21 21 21 21 21 21 21 1.01 1.01 1.01 1.01 30 30 2.01 1.11 1.11 1.11 1.11 5.01 5.01 5.01 3.01 3.01 3.01 3.01 155 155 155 155 6.39 6.39 6.39 6.39 28.4 28.4 28.4 28.4 6.39 6.39 6.39 6.39 9.53 9.53 9.53 9.53], (62,), float32)","CPG_RL","999970","3.058995485305786"
"CPG_cart_solve_y_121222100704","18593","SAC","<stable_baselines3.common.vec_env.vec_normalize.VecNormalize object at 0x000001EAE6EA7FA0>","TEST","Box([-0.21 0.375 -1.98 -0.21 0.375 -1.98 -0.21 0.375 -1.98 -0.21 0.375 -1.98 -21 -21 -21 -21 -21 -21 -21 -21 -21 -21 -21 -21 -1.01 -1.01 -1.01 -1.01 -30 -30 -2.01 -1.01 -1.01 -1.01 -1.01 -5.01 -5.01 -5.01 -1.01 -1.01 -1.01 -1.01 -1.01 -1.01 -1.01 -1.01 -1.01 -1.01 -1.01 -1.01 -1.01 -1.01 -1.01 -1.01 -1.01 -1.01 -1.01 -1.01 -9.53 -9.53 -9.53 -9.53], [0.21 1.2 -1.16 0.21 1.2 -1.16 0.21 1.2 -1.16 0.21 1.2 -1.16 21 21 21 21 21 21 21 21 21 21 21 21 1.01 1.01 1.01 1.01 30 30 2.01 1.11 1.11 1.11 1.11 5.01 5.01 5.01 3.01 3.01 3.01 3.01 278 278 278 278 6.39 6.39 6.39 6.39 28.4 28.4 28.4 28.4 6.39 6.39 6.39 6.39 9.53 9.53 9.53 9.53], (62,), float32)","CPG_RL","999830","417.4404296875"
"CPG_new_cart_cpg_121222090550","15365","SAC","<stable_baselines3.common.vec_env.vec_normalize.VecNormalize object at 0x0000029A2AAC48B0>","TEST","Box([-0.21 0.375 -1.98 -0.21 0.375 -1.98 -0.21 0.375 -1.98 -0.21 0.375 -1.98 -21 -21 -21 -21 -21 -21 -21 -21 -21 -21 -21 -21 -1.01 -1.01 -1.01 -1.01 -30 -30 -2.01 -1.01 -1.01 -1.01 -1.01 -5.01 -5.01 -5.01 -1.01 -1.01 -1.01 -1.01 -1.01 -1.01 -1.01 -1.01 -1.01 -1.01 -1.01 -1.01 -1.01 -1.01 -1.01 -1.01 -1.01 -1.01 -1.01 -1.01 -9.53 -9.53 -9.53 -9.53], [0.21 1.2 -1.16 0.21 1.2 -1.16 0.21 1.2 -1.16 0.21 1.2 -1.16 21 21 21 21 21 21 21 21 21 21 21 21 1.01 1.01 1.01 1.01 30 30 2.01 1.11 1.11 1.11 1.11 5.01 5.01 5.01 3.01 3.01 3.01 3.01 155 155 155 155 6.39 6.39 6.39 6.39 28.4 28.4 28.4 28.4 6.39 6.39 6.39 6.39 9.53 9.53 9.53 9.53], (62,), float32)","CPG_RL","998990","18.01560401916504"
"CPG_new_cart_cpg_121122211547","14641","SAC","<stable_baselines3.common.vec_env.vec_normalize.VecNormalize object at 0x000002ADB0B048B0>","TEST","Box([-0.21 0.375 -1.98 -0.21 0.375 -1.98 -0.21 0.375 -1.98 -0.21 0.375 -1.98 -21 -21 -21 -21 -21 -21 -21 -21 -21 -21 -21 -21 -1.01 -1.01 -1.01 -1.01 -30 -30 -2.01 -1.01 -1.01 -1.01 -1.01 -5.01 -5.01 -5.01 -1.01 -1.01 -1.01 -1.01 -1.01 -1.01 -1.01 -1.01 -1.01 -1.01 -1.01 -1.01 -1.01 -1.01 -1.01 -1.01 -1.01 -1.01 -1.01 -1.01 -9.53 -9.53 -9.53 -9.53], [0.21 1.2 -1.16 0.21 1.2 -1.16 0.21 1.2 -1.16 0.21 1.2 -1.16 21 21 21 21 21 21 21 21 21 21 21 21 1.01 1.01 1.01 1.01 30 30 2.01 1.11 1.11 1.11 1.11 5.01 5.01 5.01 3.01 3.01 3.01 3.01 155 155 155 155 6.39 6.39 6.39 6.39 28.4 28.4 28.4 28.4 6.39 6.39 6.39 6.39 9.53 9.53 9.53 9.53], (62,), float32)","CPG_RL","999140","20.74491310119629"
"CPG_cart_solve_y_121122161834","16585","SAC","<stable_baselines3.common.vec_env.vec_normalize.VecNormalize object at 0x0000024728B57FA0>","TEST","Box([-0.21 0.375 -1.98 -0.21 0.375 -1.98 -0.21 0.375 -1.98 -0.21 0.375 -1.98 -21 -21 -21 -21 -21 -21 -21 -21 -21 -21 -21 -21 -1.01 -1.01 -1.01 -1.01 -30 -30 -2.01 -1.01 -1.01 -1.01 -1.01 -5.01 -5.01 -5.01 -1.01 -1.01 -1.01 -1.01 -1.01 -1.01 -1.01 -1.01 -1.01 -1.01 -1.01 -1.01 -1.01 -1.01 -1.01 -1.01 -1.01 -1.01 -1.01 -1.01 -9.53 -9.53 -9.53 -9.53], [0.21 1.2 -1.16 0.21 1.2 -1.16 0.21 1.2 -1.16 0.21 1.2 -1.16 21 21 21 21 21 21 21 21 21 21 21 21 1.01 1.01 1.01 1.01 30 30 2.01 1.11 1.11 1.11 1.11 5.01 5.01 5.01 3.01 3.01 3.01 3.01 278 278 278 278 6.39 6.39 6.39 6.39 28.4 28.4 28.4 28.4 6.39 6.39 6.39 6.39 9.53 9.53 9.53 9.53], (62,), float32)","CPG_RL","998590","19.29425048828125"
"CARTESIAN_PD_test_backward_121122161421","7863","SAC","<stable_baselines3.common.vec_env.vec_normalize.VecNormalize object at 0x000001EBB2833760>","LR_COURSE_TASK","Box([-0.21 0.375 -1.98 -0.21 0.375 -1.98 -0.21 0.375 -1.98 -0.21 0.375 -1.98 -21 -21 -21 -21 -21 -21 -21 -21 -21 -21 -21 -21 -1.01 -1.01 -1.01 -1.01 -30 -30 -2.01 -1.01 -1.01 -1.01 -1.01 -5.01 -5.01 -5.01], [0.21 1.2 -1.16 0.21 1.2 -1.16 0.21 1.2 -1.16 0.21 1.2 -1.16 21 21 21 21 21 21 21 21 21 21 21 21 1.01 1.01 1.01 1.01 30 30 2.01 1.11 1.11 1.11 1.11 5.01 5.01 5.01], (38,), float32)","LR_COURSE_OBS","999630","7.729336261749268"
"CPG_new_cart_cpg_121122151452","15250","SAC","<stable_baselines3.common.vec_env.vec_normalize.VecNormalize object at 0x00000202EEA638B0>","TEST","Box([-0.21 0.375 -1.98 -0.21 0.375 -1.98 -0.21 0.375 -1.98 -0.21 0.375 -1.98 -21 -21 -21 -21 -21 -21 -21 -21 -21 -21 -21 -21 -1.01 -1.01 -1.01 -1.01 -30 -30 -2.01 -1.01 -1.01 -1.01 -1.01 -5.01 -5.01 -5.01 -1.01 -1.01 -1.01 -1.01 -1.01 -1.01 -1.01 -1.01 -1.01 -1.01 -1.01 -1.01 -1.01 -1.01 -1.01 -1.01 -1.01 -1.01 -1.01 -1.01 -9.53 -9.53 -9.53 -9.53], [0.21 1.2 -1.16 0.21 1.2 -1.16 0.21 1.2 -1.16 0.21 1.2 -1.16 21 21 21 21 21 21 21 21 21 21 21 21 1.01 1.01 1.01 1.01 30 30 2.01 1.11 1.11 1.11 1.11 5.01 5.01 5.01 3.01 3.01 3.01 3.01 155 155 155 155 6.39 6.39 6.39 6.39 28.4 28.4 28.4 28.4 6.39 6.39 6.39 6.39 9.53 9.53 9.53 9.53], (62,), float32)","CPG_RL","999610","19.671085357666016"
"CPG_cart_solve_y_121122111002","16706","SAC","<stable_baselines3.common.vec_env.vec_normalize.VecNormalize object at 0x0000017F16CCC5E0>","TEST","Box([-0.21 0.375 -1.98 -0.21 0.375 -1.98 -0.21 0.375 -1.98 -0.21 0.375 -1.98 -21 -21 -21 -21 -21 -21 -21 -21 -21 -21 -21 -21 -1.01 -1.01 -1.01 -1.01 -30 -30 -2.01 -1.01 -1.01 -1.01 -1.01 -5.01 -5.01 -5.01 -1.01 -1.01 -1.01 -1.01 -1.01 -1.01 -1.01 -1.01 -1.01 -1.01 -1.01 -1.01 -1.01 -1.01 -1.01 -1.01 -1.01 -1.01 -1.01 -1.01 -9.53 -9.53 -9.53 -9.53], [0.21 1.2 -1.16 0.21 1.2 -1.16 0.21 1.2 -1.16 0.21 1.2 -1.16 21 21 21 21 21 21 21 21 21 21 21 21 1.01 1.01 1.01 1.01 30 30 2.01 1.11 1.11 1.11 1.11 5.01 5.01 5.01 3.01 3.01 3.01 3.01 278 278 278 278 6.39 6.39 6.39 6.39 28.4 28.4 28.4 28.4 6.39 6.39 6.39 6.39 9.53 9.53 9.53 9.53], (62,), float32)","CPG_RL","999610","6.592067718505859"
"CPG_new_cart_cpg_121122102028","17463","SAC","<stable_baselines3.common.vec_env.vec_normalize.VecNormalize object at 0x0000021754494A60>","TEST","Box([-0.21 0.375 -1.98 -0.21 0.375 -1.98 -0.21 0.375 -1.98 -0.21 0.375 -1.98 -21 -21 -21 -21 -21 -21 -21 -21 -21 -21 -21 -21 -1.01 -1.01 -1.01 -1.01 -30 -30 -2.01 -1.01 -1.01 -1.01 -1.01 -5.01 -5.01 -5.01 -1.01 -1.01 -1.01 -1.01 -1.01 -1.01 -1.01 -1.01 -1.01 -1.01 -1.01 -1.01 -1.01 -1.01 -1.01 -1.01 -1.01 -1.01 -1.01 -1.01 -9.53 -9.53 -9.53 -9.53], [0.21 1.2 -1.16 0.21 1.2 -1.16 0.21 1.2 -1.16 0.21 1.2 -1.16 21 21 21 21 21 21 21 21 21 21 21 21 1.01 1.01 1.01 1.01 30 30 2.01 1.11 1.11 1.11 1.11 5.01 5.01 5.01 3.01 3.01 3.01 3.01 155 155 155 155 6.39 6.39 6.39 6.39 28.4 28.4 28.4 28.4 6.39 6.39 6.39 6.39 9.53 9.53 9.53 9.53], (62,), float32)","CPG_RL","998920","18.401565551757812"
"CPG_new_cart_cpg_121022205411","17283","SAC","<stable_baselines3.common.vec_env.vec_normalize.VecNormalize object at 0x000001B58C5848B0>","TEST","Box([-0.21 0.375 -1.98 -0.21 0.375 -1.98 -0.21 0.375 -1.98 -0.21 0.375 -1.98 -21 -21 -21 -21 -21 -21 -21 -21 -21 -21 -21 -21 -1.01 -1.01 -1.01 -1.01 -30 -30 -2.01 -1.01 -1.01 -1.01 -1.01 -5.01 -5.01 -5.01 -1.01 -1.01 -1.01 -1.01 -1.01 -1.01 -1.01 -1.01 -1.01 -1.01 -1.01 -1.01 -1.01 -1.01 -1.01 -1.01 -1.01 -1.01 -1.01 -1.01 -9.53 -9.53 -9.53 -9.53], [0.21 1.2 -1.16 0.21 1.2 -1.16 0.21 1.2 -1.16 0.21 1.2 -1.16 21 21 21 21 21 21 21 21 21 21 21 21 1.01 1.01 1.01 1.01 30 30 2.01 1.11 1.11 1.11 1.11 5.01 5.01 5.01 3.01 3.01 3.01 3.01 155 155 155 155 6.39 6.39 6.39 6.39 28.4 28.4 28.4 28.4 6.39 6.39 6.39 6.39 9.53 9.53 9.53 9.53], (62,), float32)","CPG_RL","999940","18.627685546875"
"CPG_best_run_follow_121022163418","14782","SAC","<stable_baselines3.common.vec_env.vec_normalize.VecNormalize object at 0x00000180CA2F48B0>","TEST","Box([-0.21 0.375 -1.98 -0.21 0.375 -1.98 -0.21 0.375 -1.98 -0.21 0.375 -1.98 -21 -21 -21 -21 -21 -21 -21 -21 -21 -21 -21 -21 -1.01 -1.01 -1.01 -1.01 -30 -30 -2.01 -1.01 -1.01 -1.01 -1.01 -5.01 -5.01 -5.01 -1.01 -1.01 -1.01 -1.01 -1.01 -1.01 -1.01 -1.01 -1.01 -1.01 -1.01 -1.01 -1.01 -1.01 -1.01 -1.01 -1.01 -1.01 -1.01 -1.01 -9.53 -9.53 -9.53 -9.53], [0.21 1.2 -1.16 0.21 1.2 -1.16 0.21 1.2 -1.16 0.21 1.2 -1.16 21 21 21 21 21 21 21 21 21 21 21 21 1.01 1.01 1.01 1.01 30 30 2.01 1.11 1.11 1.11 1.11 5.01 5.01 5.01 3.01 3.01 3.01 3.01 155 155 155 155 6.39 6.39 6.39 6.39 28.4 28.4 28.4 28.4 6.39 6.39 6.39 6.39 9.53 9.53 9.53 9.53], (62,), float32)","CPG_RL","999550","20.24142074584961"
"CARTESIAN_PDtest_lateral121022163326","8097","SAC","<stable_baselines3.common.vec_env.vec_normalize.VecNormalize object at 0x000002078DE65760>","TEST","Box([-0.21 0.375 -1.98 -0.21 0.375 -1.98 -0.21 0.375 -1.98 -0.21 0.375 -1.98 -21 -21 -21 -21 -21 -21 -21 -21 -21 -21 -21 -21 -1.01 -1.01 -1.01 -1.01 -30 -30 -2.01 -1.01 -1.01 -1.01 -1.01 -5.01 -5.01 -5.01], [0.21 1.2 -1.16 0.21 1.2 -1.16 0.21 1.2 -1.16 0.21 1.2 -1.16 21 21 21 21 21 21 21 21 21 21 21 21 1.01 1.01 1.01 1.01 30 30 2.01 1.11 1.11 1.11 1.11 5.01 5.01 5.01], (38,), float32)","LR_COURSE_OBS","998980","14.61811351776123"